2026-05-30 12:24:29 [INFO] driver_setup - Configurando Playwright Chromium...
2026-05-30 12:24:29 [INFO] driver_setup - Playwright Chromium iniciado correctamente
2026-05-30 12:24:29 [INFO] autenticacion - Abriendo: https://www.webcolegios.com/clararincon/
2026-05-30 12:24:35 [DEBUG] autenticacion - Usuario ingresado: 60267973
2026-05-30 12:24:35 [DEBUG] autenticacion - Contraseña ingresada
2026-05-30 12:24:35 [DEBUG] autenticacion - Tipo de usuario seleccionado: Administrativo
2026-05-30 12:24:35 [INFO] autenticacion - Captcha detectado: '6 + 1 ='
2026-05-30 12:24:35 [DEBUG] autenticacion - Captcha resuelto: 6 + 1 = = 7
2026-05-30 12:24:35 [DEBUG] autenticacion - Respuesta captcha ingresada: 7
2026-05-30 12:24:35 [INFO] autenticacion - Botón 'Acceder' presionado
2026-05-30 12:24:35 [INFO] autenticacion - Esperando modal de bienvenida...
2026-05-30 12:24:55 [WARNING] autenticacion - Modal no detectado
2026-05-30 12:24:57 [INFO] autenticacion - Autenticación exitosa — dashboard cargado
2026-05-30 12:24:57 [INFO] navegacion - Navegando a: https://www.webcolegios.com/admin_lista_uso_general.php
2026-05-30 12:25:00 [INFO] navegacion - Seleccionando tomar datos de: 'Estudiantes'
2026-05-30 12:25:00 [INFO] navegacion - Radio 'Estudiantes' seleccionado (estrategia label>radio)
2026-05-30 12:25:00 [INFO] navegacion - Marcando 'No incluir retirados ni desertores'
2026-05-30 12:25:00 [INFO] navegacion - 'No incluir retirados ni desertores' marcado
2026-05-30 12:25:00 [INFO] navegacion - ▶  Presionando 'Siguiente'
2026-05-30 12:25:03 [INFO] navegacion - Marcando 'Imprimir todos los alumnos (tipo escuela nueva)'
2026-05-30 12:25:04 [DEBUG] navegacion - Checkbox 'escuela_nueva' marcado
2026-05-30 12:25:04 [INFO] navegacion - Presionando 'Imprimir'
2026-05-30 12:25:04 [INFO] navegacion - PDF interceptado vía route: https://www.webcolegios.com/listas_estudiantes_uso_general4.php
2026-05-30 12:25:11 [INFO] navegacion - PDF guardado exitosamente en D:\Cambrigue\NewCambrige-backend\app\modules\importacion\scraper\..\downloads\impresion.pdf
2026-05-30 12:25:11 [INFO] navegacion - Nueva pestaña: :
2026-05-30 12:25:11 [INFO] extraccion - Extrayendo estudiantes desde HTML...
2026-05-30 12:25:11 [WARNING] extraccion - No se encontraron registros en el HTML
2026-05-30 12:25:11 [INFO] extraccion - Extrayendo estudiantes desde HTML...
2026-05-30 12:25:12 [WARNING] extraccion - No se encontraron registros en el HTML
2026-05-30 12:25:12 [INFO] extraccion - Extrayendo estudiantes desde HTML...
2026-05-30 12:25:12 [WARNING] extraccion - No se encontraron registros en el HTML
2026-05-30 12:25:12 [INFO] extraccion - Esperando PDF en: D:\Cambrigue\NewCambrige-backend\app\modules\importacion\scraper\..\downloads
2026-05-30 12:25:12 [INFO] extraccion - PDF listo: D:\Cambrigue\NewCambrige-backend\app\modules\importacion\scraper\..\downloads\impresion.pdf
2026-05-30 12:25:12 [INFO] extraccion - Leyendo PDF: D:\Cambrigue\NewCambrige-backend\app\modules\importacion\scraper\..\downloads\impresion.pdf
2026-05-30 12:25:12 [INFO] extraccion - 339 registros extraídos del PDF
2026-05-30 12:25:14 [INFO] navegacion - ==================================================
2026-05-30 12:25:14 [INFO] navegacion - FASE A — Descarga de PDFs de titulares por grado
2026-05-30 12:25:14 [INFO] navegacion - ==================================================
2026-05-30 12:25:14 [INFO] navegacion - Navegando a: https://www.webcolegios.com/admin_lista_uso_general.php
2026-05-30 12:25:17 [WARNING] navegacion - Acceso directo bloqueado o página inválida. Retornando al panel y usando menú...
2026-05-30 12:25:39 [WARNING] navegacion - No se encontró elemento con texto: 'administrativo'
2026-05-30 12:26:01 [WARNING] navegacion - No se encontró elemento con texto: 'listas'
2026-05-30 12:26:13 [INFO] driver_setup - Configurando Playwright Chromium...
2026-05-30 12:26:13 [INFO] driver_setup - Playwright Chromium iniciado correctamente
2026-05-30 12:26:13 [INFO] autenticacion - Abriendo: https://www.webcolegios.com/clararincon/
2026-05-30 12:26:16 [DEBUG] autenticacion - Usuario ingresado: 60267973
2026-05-30 12:26:16 [DEBUG] autenticacion - Contraseña ingresada
2026-05-30 12:26:16 [DEBUG] autenticacion - Tipo de usuario seleccionado: Administrativo
2026-05-30 12:26:16 [INFO] autenticacion - Captcha detectado: '2 + 8 ='
2026-05-30 12:26:16 [DEBUG] autenticacion - Captcha resuelto: 2 + 8 = = 10
2026-05-30 12:26:16 [DEBUG] autenticacion - Respuesta captcha ingresada: 10
2026-05-30 12:26:16 [INFO] autenticacion - Botón 'Acceder' presionado
2026-05-30 12:26:16 [INFO] autenticacion - Esperando modal de bienvenida...
2026-05-30 12:26:23 [WARNING] navegacion - No se encontró elemento con texto: 'uso general'
2026-05-30 12:26:37 [WARNING] autenticacion - Modal no detectado
2026-05-30 12:26:39 [INFO] autenticacion - Autenticación exitosa — dashboard cargado
2026-05-30 12:26:39 [INFO] navegacion - Navegando a: https://www.webcolegios.com/admin_lista_uso_general.php
2026-05-30 12:26:41 [INFO] navegacion - Seleccionando tomar datos de: 'Estudiantes'
2026-05-30 12:26:41 [INFO] navegacion - Radio 'Estudiantes' seleccionado (estrategia label>radio)
2026-05-30 12:26:41 [INFO] navegacion - Marcando 'No incluir retirados ni desertores'
2026-05-30 12:26:41 [INFO] navegacion - 'No incluir retirados ni desertores' marcado
2026-05-30 12:26:41 [INFO] navegacion - ▶  Presionando 'Siguiente'
2026-05-30 12:26:43 [WARNING] navegacion - No se encontró elemento con texto: 'uso general'
2026-05-30 12:26:45 [INFO] navegacion - Marcando 'Imprimir todos los alumnos (tipo escuela nueva)'
2026-05-30 12:26:45 [DEBUG] navegacion - Checkbox 'escuela_nueva' marcado
2026-05-30 12:26:45 [INFO] navegacion - Presionando 'Imprimir'
2026-05-30 12:26:45 [ERROR] navegacion - Error en navegar_pagina2_y_descargar_pdfs: No se pudo alcanzar la página del formulario ni usando acceso directo ni menú.
Traceback (most recent call last):
  File "D:\Cambrigue\NewCambrige-backend\app\modules\importacion\scraper\navegacion.py", line 489, in navegar_pagina2_y_descargar_pdfs
    1. Va a la página del formulario (modo Estudiantes, que es el default)
        ^^^^^^^^^^^^^^^^^^^^^^^^^^^^
  File "D:\Cambrigue\NewCambrige-backend\app\modules\importacion\scraper\navegacion.py", line 203, in _ir_a_pagina_formulario
    page.wait_for_load_state("networkidle", timeout=5000)
Exception: No se pudo alcanzar la página del formulario ni usando acceso directo ni menú.
2026-05-30 12:26:45 [INFO] extraccion - Total titulares extraídos: 0
2026-05-30 12:26:45 [INFO] navegacion - ==================================================
2026-05-30 12:26:45 [INFO] navegacion - FASE B — Descarga del PDF del listado de docentes
2026-05-30 12:26:45 [INFO] navegacion - ==================================================
2026-05-30 12:26:45 [INFO] navegacion - Navegando a: https://www.webcolegios.com/admin_lista_uso_general.php
2026-05-30 12:26:46 [INFO] navegacion - PDF interceptado vía route: https://www.webcolegios.com/listas_estudiantes_uso_general4.php
2026-05-30 12:26:48 [WARNING] navegacion - Acceso directo bloqueado o página inválida. Retornando al panel y usando menú...
2026-05-30 12:26:53 [INFO] navegacion - PDF guardado exitosamente en D:\Cambrigue\NewCambrige-backend\app\modules\importacion\scraper\..\downloads\impresion.pdf
2026-05-30 12:26:53 [INFO] navegacion - Nueva pestaña: :
2026-05-30 12:26:53 [INFO] extraccion - Extrayendo estudiantes desde HTML...
2026-05-30 12:26:53 [WARNING] extraccion - No se encontraron registros en el HTML
2026-05-30 12:26:53 [INFO] extraccion - Extrayendo estudiantes desde HTML...
2026-05-30 12:26:53 [WARNING] extraccion - No se encontraron registros en el HTML
2026-05-30 12:26:53 [INFO] extraccion - Extrayendo estudiantes desde HTML...
2026-05-30 12:26:53 [WARNING] extraccion - No se encontraron registros en el HTML
2026-05-30 12:26:53 [INFO] extraccion - Esperando PDF en: D:\Cambrigue\NewCambrige-backend\app\modules\importacion\scraper\..\downloads
2026-05-30 12:26:53 [INFO] extraccion - PDF listo: D:\Cambrigue\NewCambrige-backend\app\modules\importacion\scraper\..\downloads\impresion.pdf
2026-05-30 12:26:53 [INFO] extraccion - Leyendo PDF: D:\Cambrigue\NewCambrige-backend\app\modules\importacion\scraper\..\downloads\impresion.pdf
2026-05-30 12:26:54 [INFO] extraccion - 339 registros extraídos del PDF
2026-05-30 12:26:55 [INFO] navegacion - ==================================================
2026-05-30 12:26:55 [INFO] navegacion - FASE A — Descarga de PDFs de titulares por grado
2026-05-30 12:26:55 [INFO] navegacion - ==================================================
2026-05-30 12:26:55 [INFO] navegacion - Navegando a: https://www.webcolegios.com/admin_lista_uso_general.php
2026-05-30 12:26:58 [WARNING] navegacion - Acceso directo bloqueado o página inválida. Retornando al panel y usando menú...
2026-05-30 12:27:01 [WARNING] navegacion - No se encontró elemento con texto: 'administrativo'
2026-05-30 12:27:02 [WARNING] navegacion - No se encontró elemento con texto: 'listas'
2026-05-30 12:27:04 [WARNING] navegacion - No se encontró elemento con texto: 'uso general'
2026-05-30 12:27:04 [WARNING] navegacion - No se encontró elemento con texto: 'uso general'
2026-05-30 12:27:06 [ERROR] navegacion - Error en navegar_pagina2_y_descargar_pdfs: No se pudo alcanzar la página del formulario ni usando acceso directo ni menú.
Traceback (most recent call last):
  File "D:\Cambrigue\NewCambrige-backend\app\modules\importacion\scraper\navegacion.py", line 503, in navegar_pagina2_y_descargar_pdfs
    _ir_a_pagina_formulario(page)
  File "D:\Cambrigue\NewCambrige-backend\app\modules\importacion\scraper\navegacion.py", line 217, in _ir_a_pagina_formulario
    raise Exception("No se pudo alcanzar la página del formulario ni usando acceso directo ni menú.")
Exception: No se pudo alcanzar la página del formulario ni usando acceso directo ni menú.
2026-05-30 12:27:06 [INFO] extraccion - Total titulares extraídos: 0
2026-05-30 12:27:06 [INFO] navegacion - ==================================================
2026-05-30 12:27:06 [INFO] navegacion - FASE B — Descarga del PDF del listado de docentes
2026-05-30 12:27:06 [INFO] navegacion - ==================================================
2026-05-30 12:27:06 [INFO] navegacion - Navegando a: https://www.webcolegios.com/admin_lista_uso_general.php
2026-05-30 12:27:09 [WARNING] navegacion - Acceso directo bloqueado o página inválida. Retornando al panel y usando menú...
2026-05-30 12:27:11 [WARNING] navegacion - No se encontró elemento con texto: 'administrativo'
2026-05-30 12:27:12 [WARNING] navegacion - No se encontró elemento con texto: 'administrativo'
2026-05-30 12:27:13 [WARNING] navegacion - No se encontró elemento con texto: 'listas'
2026-05-30 12:27:15 [WARNING] navegacion - No se encontró elemento con texto: 'uso general'
2026-05-30 12:27:15 [WARNING] navegacion - No se encontró elemento con texto: 'uso general'
2026-05-30 12:27:17 [ERROR] navegacion - Error en navegar_y_descargar_docentes: No se pudo alcanzar la página del formulario ni usando acceso directo ni menú.
Traceback (most recent call last):
  File "D:\Cambrigue\NewCambrige-backend\app\modules\importacion\scraper\navegacion.py", line 543, in navegar_y_descargar_docentes
    _ir_a_pagina_formulario(page)
  File "D:\Cambrigue\NewCambrige-backend\app\modules\importacion\scraper\navegacion.py", line 217, in _ir_a_pagina_formulario
    raise Exception("No se pudo alcanzar la página del formulario ni usando acceso directo ni menú.")
Exception: No se pudo alcanzar la página del formulario ni usando acceso directo ni menú.
2026-05-30 12:27:32 [WARNING] navegacion - No se encontró elemento con texto: 'listas'
2026-05-30 12:27:51 [INFO] driver_setup - Configurando Playwright Chromium...
2026-05-30 12:27:52 [INFO] driver_setup - Playwright Chromium iniciado correctamente
2026-05-30 12:27:52 [INFO] autenticacion - Abriendo: https://www.webcolegios.com/clararincon/
2026-05-30 12:27:54 [WARNING] navegacion - No se encontró elemento con texto: 'uso general'
2026-05-30 12:27:55 [DEBUG] autenticacion - Usuario ingresado: 60267973
2026-05-30 12:27:55 [DEBUG] autenticacion - Contraseña ingresada
2026-05-30 12:27:55 [DEBUG] autenticacion - Tipo de usuario seleccionado: Administrativo
2026-05-30 12:27:55 [INFO] autenticacion - Captcha detectado: '7 + 4 ='
2026-05-30 12:27:55 [DEBUG] autenticacion - Captcha resuelto: 7 + 4 = = 11
2026-05-30 12:27:55 [DEBUG] autenticacion - Respuesta captcha ingresada: 11
2026-05-30 12:27:55 [INFO] autenticacion - Botón 'Acceder' presionado
2026-05-30 12:27:55 [INFO] autenticacion - Esperando modal de bienvenida...
2026-05-30 12:28:14 [WARNING] navegacion - No se encontró elemento con texto: 'uso general'
2026-05-30 12:28:15 [WARNING] autenticacion - Modal no detectado
2026-05-30 12:28:16 [ERROR] navegacion - Error en navegar_y_descargar_docentes: No se pudo alcanzar la página del formulario ni usando acceso directo ni menú.
Traceback (most recent call last):
  File "D:\Cambrigue\NewCambrige-backend\app\modules\importacion\scraper\navegacion.py", line 529, in navegar_y_descargar_docentes
    rutas = descargar_pdfs_grados(page)
    ^^^^^^^^^^^^^^^^^^^^^^^^^^^^^
  File "D:\Cambrigue\NewCambrige-backend\app\modules\importacion\scraper\navegacion.py", line 203, in _ir_a_pagina_formulario
    return True
        ^^^^^^^^
Exception: No se pudo alcanzar la página del formulario ni usando acceso directo ni menú.
2026-05-30 12:28:17 [INFO] autenticacion - Autenticación exitosa — dashboard cargado
2026-05-30 12:28:17 [INFO] navegacion - Navegando a: https://www.webcolegios.com/admin_lista_uso_general.php
2026-05-30 12:28:20 [INFO] navegacion - Seleccionando tomar datos de: 'Estudiantes'
2026-05-30 12:28:20 [INFO] navegacion - Radio 'Estudiantes' seleccionado (estrategia label>radio)
2026-05-30 12:28:20 [INFO] navegacion - Marcando 'No incluir retirados ni desertores'
2026-05-30 12:28:20 [INFO] navegacion - 'No incluir retirados ni desertores' marcado
2026-05-30 12:28:20 [INFO] navegacion - ▶  Presionando 'Siguiente'
2026-05-30 12:28:23 [INFO] navegacion - Marcando 'Imprimir todos los alumnos (tipo escuela nueva)'
2026-05-30 12:28:23 [DEBUG] navegacion - Checkbox 'escuela_nueva' marcado
2026-05-30 12:28:23 [INFO] navegacion - Presionando 'Imprimir'
2026-05-30 12:28:24 [INFO] navegacion - PDF interceptado vía route: https://www.webcolegios.com/listas_estudiantes_uso_general4.php
2026-05-30 12:28:31 [INFO] navegacion - PDF guardado exitosamente en D:\Cambrigue\NewCambrige-backend\app\modules\importacion\scraper\..\downloads\impresion.pdf
2026-05-30 12:28:31 [INFO] navegacion - Nueva pestaña: :
2026-05-30 12:28:31 [INFO] extraccion - Extrayendo estudiantes desde HTML...
2026-05-30 12:28:31 [WARNING] extraccion - No se encontraron registros en el HTML
2026-05-30 12:28:31 [INFO] extraccion - Extrayendo estudiantes desde HTML...
2026-05-30 12:28:31 [WARNING] extraccion - No se encontraron registros en el HTML
2026-05-30 12:28:31 [INFO] extraccion - Extrayendo estudiantes desde HTML...
2026-05-30 12:28:31 [WARNING] extraccion - No se encontraron registros en el HTML
2026-05-30 12:28:31 [INFO] extraccion - Esperando PDF en: D:\Cambrigue\NewCambrige-backend\app\modules\importacion\scraper\..\downloads
2026-05-30 12:28:31 [INFO] extraccion - PDF listo: D:\Cambrigue\NewCambrige-backend\app\modules\importacion\scraper\..\downloads\impresion.pdf
2026-05-30 12:28:31 [INFO] extraccion - Leyendo PDF: D:\Cambrigue\NewCambrige-backend\app\modules\importacion\scraper\..\downloads\impresion.pdf
2026-05-30 12:28:32 [INFO] extraccion - 339 registros extraídos del PDF
2026-05-30 12:28:33 [INFO] navegacion - ==================================================
2026-05-30 12:28:33 [INFO] navegacion - FASE A — Descarga de PDFs de titulares por grado
2026-05-30 12:28:33 [INFO] navegacion - ==================================================
2026-05-30 12:28:33 [INFO] navegacion - Navegando a: https://www.webcolegios.com/admin_lista_uso_general.php
2026-05-30 12:28:36 [WARNING] navegacion - Acceso directo bloqueado o página inválida. Retornando al panel y usando menú...
2026-05-30 12:28:39 [WARNING] navegacion - No se encontró elemento con texto: 'administrativo'
2026-05-30 12:28:40 [WARNING] navegacion - No se encontró elemento con texto: 'listas'
2026-05-30 12:28:42 [WARNING] navegacion - No se encontró elemento con texto: 'uso general'
2026-05-30 12:28:42 [WARNING] navegacion - No se encontró elemento con texto: 'uso general'
2026-05-30 12:28:44 [ERROR] navegacion - Error en navegar_pagina2_y_descargar_pdfs: No se pudo alcanzar la página del formulario ni usando acceso directo ni menú.
Traceback (most recent call last):
  File "D:\Cambrigue\NewCambrige-backend\app\modules\importacion\scraper\navegacion.py", line 517, in navegar_pagina2_y_descargar_pdfs
    _ir_a_pagina_formulario(page)
  File "D:\Cambrigue\NewCambrige-backend\app\modules\importacion\scraper\navegacion.py", line 231, in _ir_a_pagina_formulario
    raise Exception("No se pudo alcanzar la página del formulario ni usando acceso directo ni menú.")
Exception: No se pudo alcanzar la página del formulario ni usando acceso directo ni menú.
2026-05-30 12:28:44 [INFO] extraccion - Total titulares extraídos: 0
2026-05-30 12:28:44 [INFO] navegacion - ==================================================
2026-05-30 12:28:44 [INFO] navegacion - FASE B — Descarga del PDF del listado de docentes
2026-05-30 12:28:44 [INFO] navegacion - ==================================================
2026-05-30 12:28:44 [INFO] navegacion - Navegando a: https://www.webcolegios.com/admin_lista_uso_general.php
2026-05-30 12:28:47 [WARNING] navegacion - Acceso directo bloqueado o página inválida. Retornando al panel y usando menú...
2026-05-30 12:28:50 [WARNING] navegacion - No se encontró elemento con texto: 'administrativo'
2026-05-30 12:28:52 [WARNING] navegacion - No se encontró elemento con texto: 'listas'
2026-05-30 12:28:53 [WARNING] navegacion - No se encontró elemento con texto: 'uso general'
2026-05-30 12:28:53 [WARNING] navegacion - No se encontró elemento con texto: 'uso general'
2026-05-30 12:28:56 [ERROR] navegacion - Error en navegar_y_descargar_docentes: No se pudo alcanzar la página del formulario ni usando acceso directo ni menú.
Traceback (most recent call last):
  File "D:\Cambrigue\NewCambrige-backend\app\modules\importacion\scraper\navegacion.py", line 557, in navegar_y_descargar_docentes
    _ir_a_pagina_formulario(page)
  File "D:\Cambrigue\NewCambrige-backend\app\modules\importacion\scraper\navegacion.py", line 231, in _ir_a_pagina_formulario
    raise Exception("No se pudo alcanzar la página del formulario ni usando acceso directo ni menú.")
Exception: No se pudo alcanzar la página del formulario ni usando acceso directo ni menú.
2026-05-30 12:31:27 [INFO] driver_setup - Configurando Playwright Chromium...
2026-05-30 12:31:27 [INFO] driver_setup - Playwright Chromium iniciado correctamente
2026-05-30 12:31:27 [INFO] autenticacion - Abriendo: https://www.webcolegios.com/clararincon/
2026-05-30 12:31:30 [DEBUG] autenticacion - Usuario ingresado: 60267973
2026-05-30 12:31:30 [DEBUG] autenticacion - Contraseña ingresada
2026-05-30 12:31:30 [DEBUG] autenticacion - Tipo de usuario seleccionado: Administrativo
2026-05-30 12:31:30 [INFO] autenticacion - Captcha detectado: '5 + 1 ='
2026-05-30 12:31:30 [DEBUG] autenticacion - Captcha resuelto: 5 + 1 = = 6
2026-05-30 12:31:30 [DEBUG] autenticacion - Respuesta captcha ingresada: 6
2026-05-30 12:31:30 [INFO] autenticacion - Botón 'Acceder' presionado
2026-05-30 12:31:30 [INFO] autenticacion - Esperando modal de bienvenida...
2026-05-30 12:31:50 [WARNING] autenticacion - Modal no detectado
2026-05-30 12:31:52 [INFO] autenticacion - Autenticación exitosa — dashboard cargado
2026-05-30 12:31:52 [INFO] navegacion - Navegando a: https://www.webcolegios.com/admin_lista_uso_general.php
2026-05-30 12:31:55 [INFO] navegacion - Seleccionando tomar datos de: 'Estudiantes'
2026-05-30 12:31:55 [INFO] navegacion - Radio 'Estudiantes' seleccionado (estrategia label>radio)
2026-05-30 12:31:55 [INFO] navegacion - Marcando 'No incluir retirados ni desertores'
2026-05-30 12:31:55 [INFO] navegacion - 'No incluir retirados ni desertores' marcado
2026-05-30 12:31:55 [INFO] navegacion - ▶  Presionando 'Siguiente'
2026-05-30 12:31:58 [INFO] navegacion - Marcando 'Imprimir todos los alumnos (tipo escuela nueva)'
2026-05-30 12:31:59 [DEBUG] navegacion - Checkbox 'escuela_nueva' marcado
2026-05-30 12:31:59 [INFO] navegacion - Presionando 'Imprimir'
2026-05-30 12:32:00 [INFO] navegacion - PDF interceptado vía route: https://www.webcolegios.com/listas_estudiantes_uso_general4.php
2026-05-30 12:32:07 [INFO] navegacion - PDF guardado exitosamente en D:\Cambrigue\NewCambrige-backend\app\modules\importacion\scraper\..\downloads\impresion.pdf
2026-05-30 12:32:07 [INFO] navegacion - Nueva pestaña: :
2026-05-30 12:32:07 [INFO] extraccion - Extrayendo estudiantes desde HTML...
2026-05-30 12:32:07 [WARNING] extraccion - No se encontraron registros en el HTML
2026-05-30 12:32:07 [INFO] extraccion - Extrayendo estudiantes desde HTML...
2026-05-30 12:32:07 [WARNING] extraccion - No se encontraron registros en el HTML
2026-05-30 12:32:07 [INFO] extraccion - Extrayendo estudiantes desde HTML...
2026-05-30 12:32:07 [WARNING] extraccion - No se encontraron registros en el HTML
2026-05-30 12:32:07 [INFO] extraccion - Esperando PDF en: D:\Cambrigue\NewCambrige-backend\app\modules\importacion\scraper\..\downloads
2026-05-30 12:32:07 [INFO] extraccion - PDF listo: D:\Cambrigue\NewCambrige-backend\app\modules\importacion\scraper\..\downloads\impresion.pdf
2026-05-30 12:32:07 [INFO] extraccion - Leyendo PDF: D:\Cambrigue\NewCambrige-backend\app\modules\importacion\scraper\..\downloads\impresion.pdf
2026-05-30 12:32:08 [INFO] extraccion - 339 registros extraídos del PDF
2026-05-30 12:32:09 [INFO] navegacion - ==================================================
2026-05-30 12:32:09 [INFO] navegacion - FASE A — Descarga de PDFs de titulares por grado
2026-05-30 12:32:09 [INFO] navegacion - ==================================================
2026-05-30 12:32:09 [INFO] navegacion - Navegando a: https://www.webcolegios.com/admin_lista_uso_general.php
2026-05-30 12:32:11 [WARNING] navegacion - Acceso directo bloqueado o página inválida. Retornando al panel y usando menú...
2026-05-30 12:32:14 [WARNING] navegacion - No se encontró elemento con texto: 'administrativo'
2026-05-30 12:32:16 [WARNING] navegacion - No se encontró elemento con texto: 'listas'
2026-05-30 12:32:17 [WARNING] navegacion - No se encontró elemento con texto: 'uso general'
2026-05-30 12:32:17 [WARNING] navegacion - No se encontró elemento con texto: 'uso general'
2026-05-30 12:32:20 [ERROR] navegacion - Error en navegar_pagina2_y_descargar_pdfs: No se pudo alcanzar la página del formulario ni usando acceso directo ni menú.
Traceback (most recent call last):
  File "D:\Cambrigue\NewCambrige-backend\app\modules\importacion\scraper\navegacion.py", line 527, in navegar_pagina2_y_descargar_pdfs
    _ir_a_pagina_formulario(page)
  File "D:\Cambrigue\NewCambrige-backend\app\modules\importacion\scraper\navegacion.py", line 241, in _ir_a_pagina_formulario
    raise Exception("No se pudo alcanzar la página del formulario ni usando acceso directo ni menú.")
Exception: No se pudo alcanzar la página del formulario ni usando acceso directo ni menú.
2026-05-30 12:32:43 [INFO] driver_setup - Configurando Playwright Chromium...
2026-05-30 12:32:43 [INFO] driver_setup - Playwright Chromium iniciado correctamente
2026-05-30 12:32:43 [INFO] autenticacion - Abriendo: https://www.webcolegios.com/clararincon/
2026-05-30 12:32:46 [DEBUG] autenticacion - Usuario ingresado: 60267973
2026-05-30 12:32:46 [DEBUG] autenticacion - Contraseña ingresada
2026-05-30 12:32:46 [DEBUG] autenticacion - Tipo de usuario seleccionado: Administrativo
2026-05-30 12:32:46 [INFO] autenticacion - Captcha detectado: '6 + 9 ='
2026-05-30 12:32:46 [DEBUG] autenticacion - Captcha resuelto: 6 + 9 = = 15
2026-05-30 12:32:46 [DEBUG] autenticacion - Respuesta captcha ingresada: 15
2026-05-30 12:32:46 [INFO] autenticacion - Botón 'Acceder' presionado
2026-05-30 12:32:46 [INFO] autenticacion - Esperando modal de bienvenida...
2026-05-30 12:33:06 [WARNING] autenticacion - Modal no detectado
2026-05-30 12:33:08 [INFO] autenticacion - Autenticación exitosa — dashboard cargado
2026-05-30 12:33:08 [INFO] navegacion - _pagina_formulario_valida: URL invalida: https://www.webcolegios.com/clararincon/
2026-05-30 12:33:08 [INFO] navegacion - Navegando a: https://www.webcolegios.com/admin_lista_uso_general.php
2026-05-30 12:33:11 [INFO] navegacion - Seleccionando tomar datos de: 'Estudiantes'
2026-05-30 12:33:11 [INFO] navegacion - Radio 'Estudiantes' seleccionado (estrategia label>radio)
2026-05-30 12:33:11 [INFO] navegacion - Marcando 'No incluir retirados ni desertores'
2026-05-30 12:33:11 [INFO] navegacion - 'No incluir retirados ni desertores' marcado
2026-05-30 12:33:11 [INFO] navegacion - ▶  Presionando 'Siguiente'
2026-05-30 12:33:15 [INFO] navegacion - Marcando 'Imprimir todos los alumnos (tipo escuela nueva)'
2026-05-30 12:33:15 [DEBUG] navegacion - Checkbox 'escuela_nueva' marcado
2026-05-30 12:33:15 [INFO] navegacion - Presionando 'Imprimir'
2026-05-30 12:33:16 [INFO] navegacion - PDF interceptado vía route: https://www.webcolegios.com/listas_estudiantes_uso_general4.php
2026-05-30 12:33:23 [INFO] navegacion - PDF guardado exitosamente en D:\Cambrigue\NewCambrige-backend\app\modules\importacion\scraper\..\downloads\impresion.pdf
2026-05-30 12:33:23 [INFO] navegacion - Nueva pestaña: :
2026-05-30 12:33:23 [INFO] extraccion - Extrayendo estudiantes desde HTML...
2026-05-30 12:33:23 [WARNING] extraccion - No se encontraron registros en el HTML
2026-05-30 12:33:23 [INFO] extraccion - Extrayendo estudiantes desde HTML...
2026-05-30 12:33:23 [WARNING] extraccion - No se encontraron registros en el HTML
2026-05-30 12:33:23 [INFO] extraccion - Extrayendo estudiantes desde HTML...
2026-05-30 12:33:23 [WARNING] extraccion - No se encontraron registros en el HTML
2026-05-30 12:33:23 [INFO] extraccion - Esperando PDF en: D:\Cambrigue\NewCambrige-backend\app\modules\importacion\scraper\..\downloads
2026-05-30 12:33:23 [INFO] extraccion - PDF listo: D:\Cambrigue\NewCambrige-backend\app\modules\importacion\scraper\..\downloads\impresion.pdf
2026-05-30 12:33:23 [INFO] extraccion - Leyendo PDF: D:\Cambrigue\NewCambrige-backend\app\modules\importacion\scraper\..\downloads\impresion.pdf
2026-05-30 12:33:24 [INFO] extraccion - 339 registros extraídos del PDF
2026-05-30 12:33:25 [INFO] navegacion - ==================================================
2026-05-30 12:33:25 [INFO] navegacion - FASE A — Descarga de PDFs de titulares por grado
2026-05-30 12:33:25 [INFO] navegacion - ==================================================
2026-05-30 12:33:25 [INFO] navegacion - _pagina_formulario_valida: URL invalida: https://www.webcolegios.com/clararincon/
2026-05-30 12:33:25 [INFO] navegacion - Navegando a: https://www.webcolegios.com/admin_lista_uso_general.php
2026-05-30 12:33:28 [INFO] navegacion - _pagina_formulario_valida: 'Acceso Denegado' encontrado
2026-05-30 12:33:28 [WARNING] navegacion - Acceso directo bloqueado o página inválida. Retornando al panel y usando menú...
2026-05-30 12:33:31 [WARNING] navegacion - No se encontró elemento con texto: 'administrativo'
2026-05-30 12:33:32 [WARNING] navegacion - No se encontró elemento con texto: 'listas'
2026-05-30 12:33:34 [WARNING] navegacion - No se encontró elemento con texto: 'uso general'
2026-05-30 12:33:34 [WARNING] navegacion - No se encontró elemento con texto: 'uso general'
2026-05-30 12:33:36 [INFO] navegacion - _pagina_formulario_valida: URL invalida: https://www.webcolegios.com/clararincon/
2026-05-30 12:33:36 [ERROR] navegacion - Error en navegar_pagina2_y_descargar_pdfs: No se pudo alcanzar la página del formulario ni usando acceso directo ni menú.
Traceback (most recent call last):
  File "D:\Cambrigue\NewCambrige-backend\app\modules\importacion\scraper\navegacion.py", line 532, in navegar_pagina2_y_descargar_pdfs
    _ir_a_pagina_formulario(page)
  File "D:\Cambrigue\NewCambrige-backend\app\modules\importacion\scraper\navegacion.py", line 246, in _ir_a_pagina_formulario
    raise Exception("No se pudo alcanzar la página del formulario ni usando acceso directo ni menú.")
Exception: No se pudo alcanzar la página del formulario ni usando acceso directo ni menú.
2026-05-30 12:33:37 [INFO] extraccion - Total titulares extraídos: 0
2026-05-30 12:33:37 [INFO] navegacion - ==================================================
2026-05-30 12:33:37 [INFO] navegacion - FASE B — Descarga del PDF del listado de docentes
2026-05-30 12:33:37 [INFO] navegacion - ==================================================
2026-05-30 12:33:37 [INFO] navegacion - _pagina_formulario_valida: URL invalida: https://www.webcolegios.com/clararincon/
2026-05-30 12:33:37 [INFO] navegacion - Navegando a: https://www.webcolegios.com/admin_lista_uso_general.php
2026-05-30 12:33:39 [INFO] navegacion - _pagina_formulario_valida: 'Acceso Denegado' encontrado
2026-05-30 12:33:39 [WARNING] navegacion - Acceso directo bloqueado o página inválida. Retornando al panel y usando menú...
2026-05-30 12:33:42 [WARNING] navegacion - No se encontró elemento con texto: 'administrativo'
2026-05-30 12:34:37 [INFO] driver_setup - Configurando Playwright Chromium...
2026-05-30 12:34:37 [INFO] driver_setup - Playwright Chromium iniciado correctamente
2026-05-30 12:34:37 [INFO] autenticacion - Abriendo: https://www.webcolegios.com/clararincon/
2026-05-30 12:34:41 [DEBUG] autenticacion - Usuario ingresado: 60267973
2026-05-30 12:34:41 [DEBUG] autenticacion - Contraseña ingresada
2026-05-30 12:34:41 [DEBUG] autenticacion - Tipo de usuario seleccionado: Administrativo
2026-05-30 12:34:41 [INFO] autenticacion - Captcha detectado: '2 + 1 ='
2026-05-30 12:34:41 [DEBUG] autenticacion - Captcha resuelto: 2 + 1 = = 3
2026-05-30 12:34:41 [DEBUG] autenticacion - Respuesta captcha ingresada: 3
2026-05-30 12:34:41 [INFO] autenticacion - Botón 'Acceder' presionado
2026-05-30 12:34:41 [INFO] autenticacion - Esperando modal de bienvenida...
2026-05-30 12:35:01 [WARNING] autenticacion - Modal no detectado
2026-05-30 12:35:03 [INFO] autenticacion - Autenticación exitosa — dashboard cargado
2026-05-30 12:35:03 [INFO] navegacion - _pagina_formulario_valida: URL invalida: https://www.webcolegios.com/clararincon/
2026-05-30 12:35:03 [INFO] navegacion - Navegando a: https://www.webcolegios.com/admin_lista_uso_general.php
2026-05-30 12:35:06 [INFO] navegacion - Seleccionando tomar datos de: 'Estudiantes'
2026-05-30 12:35:06 [INFO] navegacion - Radio 'Estudiantes' seleccionado (estrategia label>radio)
2026-05-30 12:35:06 [INFO] navegacion - Marcando 'No incluir retirados ni desertores'
2026-05-30 12:35:06 [INFO] navegacion - 'No incluir retirados ni desertores' marcado
2026-05-30 12:35:06 [INFO] navegacion - ▶  Presionando 'Siguiente'
2026-05-30 12:35:09 [INFO] navegacion - Marcando 'Imprimir todos los alumnos (tipo escuela nueva)'
2026-05-30 12:35:09 [DEBUG] navegacion - Checkbox 'escuela_nueva' marcado
2026-05-30 12:35:09 [INFO] navegacion - Presionando 'Imprimir'
2026-05-30 12:35:10 [INFO] navegacion - PDF interceptado vía route: https://www.webcolegios.com/listas_estudiantes_uso_general4.php
2026-05-30 12:35:17 [INFO] navegacion - PDF guardado exitosamente en D:\Cambrigue\NewCambrige-backend\app\modules\importacion\scraper\..\downloads\impresion.pdf
2026-05-30 12:35:17 [INFO] navegacion - Nueva pestaña: :
2026-05-30 12:35:17 [INFO] extraccion - Extrayendo estudiantes desde HTML...
2026-05-30 12:35:17 [WARNING] extraccion - No se encontraron registros en el HTML
2026-05-30 12:35:17 [INFO] extraccion - Extrayendo estudiantes desde HTML...
2026-05-30 12:35:17 [WARNING] extraccion - No se encontraron registros en el HTML
2026-05-30 12:35:17 [INFO] extraccion - Extrayendo estudiantes desde HTML...
2026-05-30 12:35:17 [WARNING] extraccion - No se encontraron registros en el HTML
2026-05-30 12:35:17 [INFO] extraccion - Esperando PDF en: D:\Cambrigue\NewCambrige-backend\app\modules\importacion\scraper\..\downloads
2026-05-30 12:35:17 [INFO] extraccion - PDF listo: D:\Cambrigue\NewCambrige-backend\app\modules\importacion\scraper\..\downloads\impresion.pdf
2026-05-30 12:35:17 [INFO] extraccion - Leyendo PDF: D:\Cambrigue\NewCambrige-backend\app\modules\importacion\scraper\..\downloads\impresion.pdf
2026-05-30 12:35:18 [INFO] extraccion - 339 registros extraídos del PDF
2026-05-30 12:35:19 [INFO] autenticacion - Abriendo: https://www.webcolegios.com/clararincon/
2026-05-30 12:35:22 [DEBUG] autenticacion - Usuario ingresado: 60267973
2026-05-30 12:35:22 [DEBUG] autenticacion - Contraseña ingresada
2026-05-30 12:35:22 [DEBUG] autenticacion - Tipo de usuario seleccionado: Administrativo
2026-05-30 12:35:22 [INFO] autenticacion - Captcha detectado: '2 + 3 ='
2026-05-30 12:35:22 [DEBUG] autenticacion - Captcha resuelto: 2 + 3 = = 5
2026-05-30 12:35:22 [DEBUG] autenticacion - Respuesta captcha ingresada: 5
2026-05-30 12:35:22 [INFO] autenticacion - Botón 'Acceder' presionado
2026-05-30 12:35:22 [INFO] autenticacion - Esperando modal de bienvenida...
2026-05-30 12:35:42 [WARNING] autenticacion - Modal no detectado
2026-05-30 12:35:44 [INFO] autenticacion - Autenticación exitosa — dashboard cargado
2026-05-30 12:35:44 [INFO] navegacion - ==================================================
2026-05-30 12:35:44 [INFO] navegacion - FASE A — Descarga de PDFs de titulares por grado
2026-05-30 12:35:44 [INFO] navegacion - ==================================================
2026-05-30 12:35:44 [INFO] navegacion - _pagina_formulario_valida: URL invalida: https://www.webcolegios.com/clararincon/
2026-05-30 12:35:44 [INFO] navegacion - Navegando a: https://www.webcolegios.com/admin_lista_uso_general.php
2026-05-30 12:35:47 [INFO] navegacion - Marcando 'No incluir retirados ni desertores'
2026-05-30 12:35:47 [INFO] navegacion - 'No incluir retirados ni desertores' marcado
2026-05-30 12:35:47 [INFO] navegacion - ▶  Presionando 'Siguiente'
2026-05-30 12:35:50 [INFO] navegacion - Buscando PDFs individuales por grado en Página 2...
2026-05-30 12:35:52 [INFO] navegacion - Selector 'input[type='image'][src*='print_p']': 15 enlace(s) encontrado(s)
2026-05-30 12:35:52 [INFO] navegacion - Selector 'a:has-text('PDF')': 1 enlace(s) encontrado(s)
2026-05-30 12:35:52 [INFO] navegacion - Total de posibles enlaces PDF visibles encontrados: 15
2026-05-30 12:35:52 [INFO] navegacion - Intentando descargar PDF 1/15...
2026-05-30 12:35:52 [INFO] navegacion - Guardado: titulares_grado_0.pdf
2026-05-30 12:35:53 [INFO] navegacion - Intentando descargar PDF 2/15...
2026-05-30 12:35:53 [INFO] navegacion - Guardado: titulares_grado_1.pdf
2026-05-30 12:35:54 [INFO] navegacion - Intentando descargar PDF 3/15...
2026-05-30 12:35:54 [INFO] navegacion - Guardado: titulares_grado_2.pdf
2026-05-30 12:35:55 [INFO] navegacion - Intentando descargar PDF 4/15...
2026-05-30 12:35:55 [INFO] navegacion - Guardado: titulares_grado_3.pdf
2026-05-30 12:35:56 [INFO] navegacion - Intentando descargar PDF 5/15...
2026-05-30 12:35:56 [INFO] navegacion - Guardado: titulares_grado_4.pdf
2026-05-30 12:35:56 [INFO] navegacion - Intentando descargar PDF 6/15...
2026-05-30 12:35:57 [INFO] navegacion - Guardado: titulares_grado_5.pdf
2026-05-30 12:35:57 [INFO] navegacion - Intentando descargar PDF 7/15...
2026-05-30 12:35:58 [INFO] navegacion - Guardado: titulares_grado_6.pdf
2026-05-30 12:35:58 [INFO] navegacion - Intentando descargar PDF 8/15...
2026-05-30 12:35:59 [INFO] navegacion - Guardado: titulares_grado_7.pdf
2026-05-30 12:35:59 [INFO] navegacion - Intentando descargar PDF 9/15...
2026-05-30 12:35:59 [INFO] navegacion - Guardado: titulares_grado_8.pdf
2026-05-30 12:36:00 [INFO] navegacion - Intentando descargar PDF 10/15...
2026-05-30 12:36:00 [INFO] navegacion - Guardado: titulares_grado_9.pdf
2026-05-30 12:36:01 [INFO] navegacion - Intentando descargar PDF 11/15...
2026-05-30 12:36:01 [INFO] navegacion - Guardado: titulares_grado_10.pdf
2026-05-30 12:36:02 [INFO] navegacion - Intentando descargar PDF 12/15...
2026-05-30 12:36:02 [INFO] navegacion - Guardado: titulares_grado_11.pdf
2026-05-30 12:36:03 [INFO] navegacion - Intentando descargar PDF 13/15...
2026-05-30 12:36:03 [INFO] navegacion - Guardado: titulares_grado_12.pdf
2026-05-30 12:36:03 [INFO] navegacion - Intentando descargar PDF 14/15...
2026-05-30 12:36:04 [INFO] navegacion - Guardado: titulares_grado_13.pdf
2026-05-30 12:36:04 [INFO] navegacion - Intentando descargar PDF 15/15...
2026-05-30 12:36:05 [INFO] navegacion - Guardado: titulares_grado_14.pdf
2026-05-30 12:36:05 [INFO] navegacion - Total PDFs descargados: 15
2026-05-30 12:36:05 [INFO] extraccion - ‍ Titular: RODRIGUEZ GALVIZ ANGELA MARIA → Grado: Transición / Curso: A [titulares_grado_0.pdf]
2026-05-30 12:36:05 [INFO] extraccion - ‍ Titular: VARGAS MONCADA ERLY MARIA → Grado: Primero / Curso: A [titulares_grado_1.pdf]
2026-05-30 12:36:06 [INFO] extraccion - ‍ Titular: RANGEL GARCIA JOHANA PATRICIA → Grado: Segundo / Curso: A [titulares_grado_2.pdf]
2026-05-30 12:36:06 [INFO] extraccion - ‍ Titular: SUAREZ ACEVEDO PAOLA ESPERANZA → Grado: Tercero / Curso: A [titulares_grado_3.pdf]
2026-05-30 12:36:06 [INFO] extraccion - ‍ Titular: SANDOVAL COTE ROSAHYRA MILENA → Grado: Cuarto / Curso: A [titulares_grado_4.pdf]
2026-05-30 12:36:06 [INFO] extraccion - ‍ Titular: TARAZONA FERNANDEZ VIANNEY ROCIO → Grado: Quinto / Curso: A [titulares_grado_5.pdf]
2026-05-30 12:36:06 [INFO] extraccion - ‍ Titular: BARBOSA RIOBO NIMSSY MAGDIEL → Grado: Sexto / Curso: A [titulares_grado_6.pdf]
2026-05-30 12:36:06 [INFO] extraccion - ‍ Titular: PAEZ JAUREGUI LEONARDO → Grado: Séptimo / Curso: A [titulares_grado_7.pdf]
2026-05-30 12:36:06 [INFO] extraccion - ‍ Titular: GELVEZ DE MONTAÑEZ MAGALLY MAGALLY → Grado: Octavo / Curso: A [titulares_grado_8.pdf]
2026-05-30 12:36:06 [INFO] extraccion - ‍ Titular: RAMIREZ GARCIA JAMES JOSE → Grado: Noveno / Curso: A [titulares_grado_9.pdf]
2026-05-30 12:36:06 [INFO] extraccion - ‍ Titular: PINILLOS JULIAN DAVID → Grado: Décimo / Curso: A [titulares_grado_10.pdf]
2026-05-30 12:36:06 [INFO] extraccion - ‍ Titular: BUSTOS MELO LEIDY LORENA → Grado: Once / Curso: A [titulares_grado_11.pdf]
2026-05-30 12:36:06 [INFO] extraccion - ‍ Titular: VILLAMIZAR FERNANDEZ MILENA DEL PILAR → Grado: Jardín / Curso: A [titulares_grado_12.pdf]
2026-05-30 12:36:06 [INFO] extraccion - ‍ Titular: MONTAÑEZ CARRILLO GLENDA CARRILLO → Grado: Parvulos / Curso: A [titulares_grado_13.pdf]
2026-05-30 12:36:06 [INFO] extraccion - ‍ Titular: GARCIA MEJIA YULIETH ANDREA → Grado: Prejardín / Curso: A [titulares_grado_14.pdf]
2026-05-30 12:36:06 [INFO] extraccion - Total titulares extraídos: 15
2026-05-30 12:36:06 [INFO] navegacion - ==================================================
2026-05-30 12:36:06 [INFO] navegacion - FASE B — Descarga del PDF del listado de docentes
2026-05-30 12:36:06 [INFO] navegacion - ==================================================
2026-05-30 12:36:07 [INFO] navegacion - Ya estamos en la página del formulario válido. Omitiendo navegación directa.
2026-05-30 12:36:07 [INFO] navegacion - Seleccionando tomar datos de: 'Docentes'
2026-05-30 12:36:12 [WARNING] navegacion - No se pudo seleccionar tipo de datos 'Docentes'
2026-05-30 12:36:13 [INFO] navegacion - ▶  Presionando 'Siguiente'
2026-05-30 12:36:18 [WARNING] navegacion - No se encontró elemento con texto: 'siguiente'
2026-05-30 12:36:18 [ERROR] navegacion - No se encontró el botón 'Siguiente'
2026-05-30 12:36:18 [ERROR] navegacion - No se pudo presionar 'Siguiente' en Fase B
2026-05-30 12:37:23 [INFO] driver_setup - Configurando Playwright Chromium...
2026-05-30 12:37:24 [INFO] driver_setup - Playwright Chromium iniciado correctamente
2026-05-30 12:37:24 [INFO] autenticacion - Abriendo: https://www.webcolegios.com/clararincon/
2026-05-30 12:37:31 [DEBUG] autenticacion - Usuario ingresado: 60267973
2026-05-30 12:37:31 [DEBUG] autenticacion - Contraseña ingresada
2026-05-30 12:37:31 [DEBUG] autenticacion - Tipo de usuario seleccionado: Administrativo
2026-05-30 12:37:31 [INFO] autenticacion - Captcha detectado: '8 + 6 ='
2026-05-30 12:37:31 [DEBUG] autenticacion - Captcha resuelto: 8 + 6 = = 14
2026-05-30 12:37:31 [DEBUG] autenticacion - Respuesta captcha ingresada: 14
2026-05-30 12:37:31 [INFO] autenticacion - Botón 'Acceder' presionado
2026-05-30 12:37:31 [INFO] autenticacion - Esperando modal de bienvenida...
2026-05-30 12:37:51 [WARNING] autenticacion - Modal no detectado
2026-05-30 12:37:53 [INFO] autenticacion - Autenticación exitosa — dashboard cargado
2026-05-30 12:37:53 [INFO] navegacion - Navegando a: https://www.webcolegios.com/admin_lista_uso_general.php
2026-05-30 12:37:56 [INFO] navegacion - Seleccionando tomar datos de: 'Estudiantes'
2026-05-30 12:37:56 [INFO] navegacion - Radio 'Estudiantes' seleccionado (estrategia label>radio)
2026-05-30 12:37:56 [INFO] navegacion - Marcando 'No incluir retirados ni desertores'
2026-05-30 12:37:56 [INFO] navegacion - 'No incluir retirados ni desertores' marcado
2026-05-30 12:37:56 [INFO] navegacion - ▶  Presionando 'Siguiente'
2026-05-30 12:37:59 [INFO] navegacion - Marcando 'Imprimir todos los alumnos (tipo escuela nueva)'
2026-05-30 12:38:00 [DEBUG] navegacion - Checkbox 'escuela_nueva' marcado
2026-05-30 12:38:00 [INFO] navegacion - Presionando 'Imprimir'
2026-05-30 12:38:01 [INFO] navegacion - PDF interceptado vía route: https://www.webcolegios.com/listas_estudiantes_uso_general4.php
2026-05-30 12:38:08 [INFO] navegacion - PDF guardado exitosamente en D:\Cambrigue\NewCambrige-backend\app\modules\importacion\scraper\..\downloads\impresion.pdf
2026-05-30 12:38:08 [INFO] navegacion - Nueva pestaña: :
2026-05-30 12:38:08 [INFO] extraccion - Extrayendo estudiantes desde HTML...
2026-05-30 12:38:08 [WARNING] extraccion - No se encontraron registros en el HTML
2026-05-30 12:38:08 [INFO] extraccion - Extrayendo estudiantes desde HTML...
2026-05-30 12:38:08 [WARNING] extraccion - No se encontraron registros en el HTML
2026-05-30 12:38:08 [INFO] extraccion - Extrayendo estudiantes desde HTML...
2026-05-30 12:38:08 [WARNING] extraccion - No se encontraron registros en el HTML
2026-05-30 12:38:08 [INFO] extraccion - Esperando PDF en: D:\Cambrigue\NewCambrige-backend\app\modules\importacion\scraper\..\downloads
2026-05-30 12:38:08 [INFO] extraccion - PDF listo: D:\Cambrigue\NewCambrige-backend\app\modules\importacion\scraper\..\downloads\impresion.pdf
2026-05-30 12:38:08 [INFO] extraccion - Leyendo PDF: D:\Cambrigue\NewCambrige-backend\app\modules\importacion\scraper\..\downloads\impresion.pdf
2026-05-30 12:38:09 [INFO] extraccion - 339 registros extraídos del PDF
2026-05-30 12:38:09 [INFO] autenticacion - Abriendo: https://www.webcolegios.com/clararincon/
2026-05-30 12:38:12 [DEBUG] autenticacion - Usuario ingresado: 60267973
2026-05-30 12:38:12 [DEBUG] autenticacion - Contraseña ingresada
2026-05-30 12:38:12 [DEBUG] autenticacion - Tipo de usuario seleccionado: Administrativo
2026-05-30 12:38:12 [INFO] autenticacion - Captcha detectado: '8 + 9 ='
2026-05-30 12:38:12 [DEBUG] autenticacion - Captcha resuelto: 8 + 9 = = 17
2026-05-30 12:38:12 [DEBUG] autenticacion - Respuesta captcha ingresada: 17
2026-05-30 12:38:12 [INFO] autenticacion - Botón 'Acceder' presionado
2026-05-30 12:38:12 [INFO] autenticacion - Esperando modal de bienvenida...
2026-05-30 12:38:32 [WARNING] autenticacion - Modal no detectado
2026-05-30 12:38:34 [INFO] autenticacion - Autenticación exitosa — dashboard cargado
2026-05-30 12:38:34 [INFO] navegacion - ==================================================
2026-05-30 12:38:34 [INFO] navegacion - FASE A — Descarga de PDFs de titulares por grado
2026-05-30 12:38:34 [INFO] navegacion - ==================================================
2026-05-30 12:38:34 [INFO] navegacion - Navegando a: https://www.webcolegios.com/admin_lista_uso_general.php
2026-05-30 12:38:37 [INFO] navegacion - Marcando 'No incluir retirados ni desertores'
2026-05-30 12:38:37 [INFO] navegacion - 'No incluir retirados ni desertores' marcado
2026-05-30 12:38:37 [INFO] navegacion - ▶  Presionando 'Siguiente'
2026-05-30 12:38:40 [INFO] navegacion - Buscando PDFs individuales por grado en Página 2...
2026-05-30 12:38:42 [INFO] navegacion - Selector 'input[type='image'][src*='print_p']': 15 enlace(s) encontrado(s)
2026-05-30 12:38:43 [INFO] navegacion - Selector 'a:has-text('PDF')': 1 enlace(s) encontrado(s)
2026-05-30 12:38:43 [INFO] navegacion - Total de posibles enlaces PDF visibles encontrados: 15
2026-05-30 12:38:43 [INFO] navegacion - Intentando descargar PDF 1/15...
2026-05-30 12:38:43 [INFO] navegacion - Guardado: titulares_grado_0.pdf
2026-05-30 12:38:43 [INFO] navegacion - Intentando descargar PDF 2/15...
2026-05-30 12:38:44 [INFO] navegacion - Guardado: titulares_grado_1.pdf
2026-05-30 12:38:44 [INFO] navegacion - Intentando descargar PDF 3/15...
2026-05-30 12:38:45 [INFO] navegacion - Guardado: titulares_grado_2.pdf
2026-05-30 12:38:45 [INFO] navegacion - Intentando descargar PDF 4/15...
2026-05-30 12:38:46 [INFO] navegacion - Guardado: titulares_grado_3.pdf
2026-05-30 12:38:46 [INFO] navegacion - Intentando descargar PDF 5/15...
2026-05-30 12:38:46 [INFO] navegacion - Guardado: titulares_grado_4.pdf
2026-05-30 12:38:47 [INFO] navegacion - Intentando descargar PDF 6/15...
2026-05-30 12:38:47 [INFO] navegacion - Guardado: titulares_grado_5.pdf
2026-05-30 12:38:48 [INFO] navegacion - Intentando descargar PDF 7/15...
2026-05-30 12:38:48 [INFO] navegacion - Guardado: titulares_grado_6.pdf
2026-05-30 12:38:49 [INFO] navegacion - Intentando descargar PDF 8/15...
2026-05-30 12:38:50 [INFO] navegacion - Guardado: titulares_grado_7.pdf
2026-05-30 12:38:50 [INFO] navegacion - Intentando descargar PDF 9/15...
2026-05-30 12:38:50 [INFO] navegacion - Guardado: titulares_grado_8.pdf
2026-05-30 12:38:51 [INFO] navegacion - Intentando descargar PDF 10/15...
2026-05-30 12:38:51 [INFO] navegacion - Guardado: titulares_grado_9.pdf
2026-05-30 12:38:52 [INFO] navegacion - Intentando descargar PDF 11/15...
2026-05-30 12:38:52 [INFO] navegacion - Guardado: titulares_grado_10.pdf
2026-05-30 12:38:53 [INFO] navegacion - Intentando descargar PDF 12/15...
2026-05-30 12:38:53 [INFO] navegacion - Guardado: titulares_grado_11.pdf
2026-05-30 12:38:54 [INFO] navegacion - Intentando descargar PDF 13/15...
2026-05-30 12:38:54 [INFO] navegacion - Guardado: titulares_grado_12.pdf
2026-05-30 12:38:54 [INFO] navegacion - Intentando descargar PDF 14/15...
2026-05-30 12:38:55 [INFO] navegacion - Guardado: titulares_grado_13.pdf
2026-05-30 12:38:55 [INFO] navegacion - Intentando descargar PDF 15/15...
2026-05-30 12:38:56 [INFO] navegacion - Guardado: titulares_grado_14.pdf
2026-05-30 12:38:56 [INFO] navegacion - Total PDFs descargados: 15
2026-05-30 12:38:56 [INFO] extraccion - ‍ Titular: RODRIGUEZ GALVIZ ANGELA MARIA → Grado: Transición / Curso: A [titulares_grado_0.pdf]
2026-05-30 12:38:56 [INFO] extraccion - ‍ Titular: VARGAS MONCADA ERLY MARIA → Grado: Primero / Curso: A [titulares_grado_1.pdf]
2026-05-30 12:38:56 [INFO] extraccion - ‍ Titular: RANGEL GARCIA JOHANA PATRICIA → Grado: Segundo / Curso: A [titulares_grado_2.pdf]
2026-05-30 12:38:56 [INFO] extraccion - ‍ Titular: SUAREZ ACEVEDO PAOLA ESPERANZA → Grado: Tercero / Curso: A [titulares_grado_3.pdf]
2026-05-30 12:38:57 [INFO] extraccion - ‍ Titular: SANDOVAL COTE ROSAHYRA MILENA → Grado: Cuarto / Curso: A [titulares_grado_4.pdf]
2026-05-30 12:38:57 [INFO] extraccion - ‍ Titular: TARAZONA FERNANDEZ VIANNEY ROCIO → Grado: Quinto / Curso: A [titulares_grado_5.pdf]
2026-05-30 12:38:57 [INFO] extraccion - ‍ Titular: BARBOSA RIOBO NIMSSY MAGDIEL → Grado: Sexto / Curso: A [titulares_grado_6.pdf]
2026-05-30 12:38:57 [INFO] extraccion - ‍ Titular: PAEZ JAUREGUI LEONARDO → Grado: Séptimo / Curso: A [titulares_grado_7.pdf]
2026-05-30 12:38:57 [INFO] extraccion - ‍ Titular: GELVEZ DE MONTAÑEZ MAGALLY MAGALLY → Grado: Octavo / Curso: A [titulares_grado_8.pdf]
2026-05-30 12:38:57 [INFO] extraccion - ‍ Titular: RAMIREZ GARCIA JAMES JOSE → Grado: Noveno / Curso: A [titulares_grado_9.pdf]
2026-05-30 12:38:57 [INFO] extraccion - ‍ Titular: PINILLOS JULIAN DAVID → Grado: Décimo / Curso: A [titulares_grado_10.pdf]
2026-05-30 12:38:57 [INFO] extraccion - ‍ Titular: BUSTOS MELO LEIDY LORENA → Grado: Once / Curso: A [titulares_grado_11.pdf]
2026-05-30 12:38:57 [INFO] extraccion - ‍ Titular: VILLAMIZAR FERNANDEZ MILENA DEL PILAR → Grado: Jardín / Curso: A [titulares_grado_12.pdf]
2026-05-30 12:38:57 [INFO] extraccion - ‍ Titular: MONTAÑEZ CARRILLO GLENDA CARRILLO → Grado: Parvulos / Curso: A [titulares_grado_13.pdf]
2026-05-30 12:38:57 [INFO] extraccion - ‍ Titular: GARCIA MEJIA YULIETH ANDREA → Grado: Prejardín / Curso: A [titulares_grado_14.pdf]
2026-05-30 12:38:57 [INFO] extraccion - Total titulares extraídos: 15
2026-05-30 12:38:57 [INFO] autenticacion - Abriendo: https://www.webcolegios.com/clararincon/
2026-05-30 12:39:00 [DEBUG] autenticacion - Usuario ingresado: 60267973
2026-05-30 12:39:00 [DEBUG] autenticacion - Contraseña ingresada
2026-05-30 12:39:00 [DEBUG] autenticacion - Tipo de usuario seleccionado: Administrativo
2026-05-30 12:39:00 [INFO] autenticacion - Captcha detectado: '4 + 4 ='
2026-05-30 12:39:00 [DEBUG] autenticacion - Captcha resuelto: 4 + 4 = = 8
2026-05-30 12:39:00 [DEBUG] autenticacion - Respuesta captcha ingresada: 8
2026-05-30 12:39:00 [INFO] autenticacion - Botón 'Acceder' presionado
2026-05-30 12:39:00 [INFO] autenticacion - Esperando modal de bienvenida...
2026-05-30 12:39:20 [WARNING] autenticacion - Modal no detectado
2026-05-30 12:39:22 [INFO] autenticacion - Autenticación exitosa — dashboard cargado
2026-05-30 12:39:22 [INFO] navegacion - ==================================================
2026-05-30 12:39:22 [INFO] navegacion - FASE B — Descarga del PDF del listado de docentes
2026-05-30 12:39:22 [INFO] navegacion - ==================================================
2026-05-30 12:39:22 [INFO] navegacion - Navegando a: https://www.webcolegios.com/admin_lista_uso_general.php
2026-05-30 12:39:25 [INFO] navegacion - Seleccionando tomar datos de: 'Docentes'
2026-05-30 12:39:25 [INFO] navegacion - Radio 'Docentes' seleccionado (estrategia label>radio)
2026-05-30 12:39:26 [INFO] navegacion - ▶  Presionando 'Siguiente'
2026-05-30 12:39:29 [INFO] navegacion - Descargando PDF del listado de docentes...
2026-05-30 12:39:29 [INFO] navegacion - PDF de docentes guardado: D:\Cambrigue\NewCambrige-backend\app\modules\importacion\scraper\..\downloads\docentes_listado.pdf
2026-05-30 12:39:29 [INFO] extraccion - PDF 'impresion.pdf' encontrado, extrayendo desde PDF...
2026-05-30 12:39:30 [INFO] extraccion - Leyendo PDF: D:\Cambrigue\NewCambrige-backend\app\modules\importacion\scraper\..\downloads\impresion.pdf
2026-05-30 12:39:30 [WARNING] extraccion - No hay registros ni page disponible para extraer docentes
2026-05-30 12:40:13 [INFO] driver_setup - Configurando Playwright Chromium...
2026-05-30 12:40:13 [INFO] driver_setup - Playwright Chromium iniciado correctamente
2026-05-30 12:40:13 [INFO] autenticacion - Abriendo: https://www.webcolegios.com/clararincon/
2026-05-30 12:40:16 [DEBUG] autenticacion - Usuario ingresado: 60267973
2026-05-30 12:40:16 [DEBUG] autenticacion - Contraseña ingresada
2026-05-30 12:40:16 [DEBUG] autenticacion - Tipo de usuario seleccionado: Administrativo
2026-05-30 12:40:16 [INFO] autenticacion - Captcha detectado: '4 + 5 ='
2026-05-30 12:40:16 [DEBUG] autenticacion - Captcha resuelto: 4 + 5 = = 9
2026-05-30 12:40:16 [DEBUG] autenticacion - Respuesta captcha ingresada: 9
2026-05-30 12:40:16 [INFO] autenticacion - Botón 'Acceder' presionado
2026-05-30 12:40:16 [INFO] autenticacion - Esperando modal de bienvenida...
2026-05-30 12:40:37 [WARNING] autenticacion - Modal no detectado
2026-05-30 12:40:39 [INFO] autenticacion - Autenticación exitosa — dashboard cargado
2026-05-30 12:40:39 [INFO] navegacion - Navegando a: https://www.webcolegios.com/admin_lista_uso_general.php
2026-05-30 12:40:41 [INFO] navegacion - Seleccionando tomar datos de: 'Estudiantes'
2026-05-30 12:40:41 [INFO] navegacion - Radio 'Estudiantes' seleccionado (estrategia label>radio)
2026-05-30 12:40:41 [INFO] navegacion - Marcando 'No incluir retirados ni desertores'
2026-05-30 12:40:42 [INFO] navegacion - 'No incluir retirados ni desertores' marcado
2026-05-30 12:40:42 [INFO] navegacion - ▶  Presionando 'Siguiente'
2026-05-30 12:40:45 [INFO] navegacion - Marcando 'Imprimir todos los alumnos (tipo escuela nueva)'
2026-05-30 12:40:45 [DEBUG] navegacion - Checkbox 'escuela_nueva' marcado
2026-05-30 12:40:45 [INFO] navegacion - Presionando 'Imprimir'
2026-05-30 12:40:46 [INFO] navegacion - PDF interceptado vía route: https://www.webcolegios.com/listas_estudiantes_uso_general4.php
2026-05-30 12:40:53 [INFO] navegacion - PDF guardado exitosamente en D:\Cambrigue\NewCambrige-backend\app\modules\importacion\scraper\..\downloads\impresion.pdf
2026-05-30 12:40:53 [INFO] navegacion - Nueva pestaña: :
2026-05-30 12:40:53 [INFO] extraccion - Extrayendo estudiantes desde HTML...
2026-05-30 12:40:53 [WARNING] extraccion - No se encontraron registros en el HTML
2026-05-30 12:40:53 [INFO] extraccion - Extrayendo estudiantes desde HTML...
2026-05-30 12:40:53 [WARNING] extraccion - No se encontraron registros en el HTML
2026-05-30 12:40:53 [INFO] extraccion - Extrayendo estudiantes desde HTML...
2026-05-30 12:40:53 [WARNING] extraccion - No se encontraron registros en el HTML
2026-05-30 12:40:53 [INFO] extraccion - Esperando PDF en: D:\Cambrigue\NewCambrige-backend\app\modules\importacion\scraper\..\downloads
2026-05-30 12:40:53 [INFO] extraccion - PDF listo: D:\Cambrigue\NewCambrige-backend\app\modules\importacion\scraper\..\downloads\impresion.pdf
2026-05-30 12:40:53 [INFO] extraccion - Leyendo PDF: D:\Cambrigue\NewCambrige-backend\app\modules\importacion\scraper\..\downloads\impresion.pdf
2026-05-30 12:40:54 [INFO] extraccion - 339 registros extraídos del PDF
2026-05-30 12:40:55 [INFO] autenticacion - Abriendo: https://www.webcolegios.com/clararincon/
2026-05-30 12:40:57 [DEBUG] autenticacion - Usuario ingresado: 60267973
2026-05-30 12:40:57 [DEBUG] autenticacion - Contraseña ingresada
2026-05-30 12:40:57 [DEBUG] autenticacion - Tipo de usuario seleccionado: Administrativo
2026-05-30 12:40:57 [INFO] autenticacion - Captcha detectado: '8 + 9 ='
2026-05-30 12:40:57 [DEBUG] autenticacion - Captcha resuelto: 8 + 9 = = 17
2026-05-30 12:40:57 [DEBUG] autenticacion - Respuesta captcha ingresada: 17
2026-05-30 12:40:57 [INFO] autenticacion - Botón 'Acceder' presionado
2026-05-30 12:40:57 [INFO] autenticacion - Esperando modal de bienvenida...
2026-05-30 12:41:17 [WARNING] autenticacion - Modal no detectado
2026-05-30 12:41:19 [INFO] autenticacion - Autenticación exitosa — dashboard cargado
2026-05-30 12:41:19 [INFO] navegacion - ==================================================
2026-05-30 12:41:19 [INFO] navegacion - FASE A — Descarga de PDFs de titulares por grado
2026-05-30 12:41:19 [INFO] navegacion - ==================================================
2026-05-30 12:41:19 [INFO] navegacion - Navegando a: https://www.webcolegios.com/admin_lista_uso_general.php
2026-05-30 12:41:22 [INFO] navegacion - Marcando 'No incluir retirados ni desertores'
2026-05-30 12:41:22 [INFO] navegacion - 'No incluir retirados ni desertores' marcado
2026-05-30 12:41:22 [INFO] navegacion - ▶  Presionando 'Siguiente'
2026-05-30 12:41:25 [INFO] navegacion - Buscando PDFs individuales por grado en Página 2...
2026-05-30 12:41:27 [INFO] navegacion - Selector 'input[type='image'][src*='print_p']': 15 enlace(s) encontrado(s)
2026-05-30 12:41:28 [INFO] navegacion - Selector 'a:has-text('PDF')': 1 enlace(s) encontrado(s)
2026-05-30 12:41:28 [INFO] navegacion - Total de posibles enlaces PDF visibles encontrados: 15
2026-05-30 12:41:28 [INFO] navegacion - Intentando descargar PDF 1/15...
2026-05-30 12:41:28 [INFO] navegacion - Guardado: titulares_grado_0.pdf
2026-05-30 12:41:28 [INFO] navegacion - Intentando descargar PDF 2/15...
2026-05-30 12:41:29 [INFO] navegacion - Guardado: titulares_grado_1.pdf
2026-05-30 12:41:29 [INFO] navegacion - Intentando descargar PDF 3/15...
2026-05-30 12:41:30 [INFO] navegacion - Guardado: titulares_grado_2.pdf
2026-05-30 12:41:30 [INFO] navegacion - Intentando descargar PDF 4/15...
2026-05-30 12:41:31 [INFO] navegacion - Guardado: titulares_grado_3.pdf
2026-05-30 12:41:31 [INFO] navegacion - Intentando descargar PDF 5/15...
2026-05-30 12:41:32 [INFO] navegacion - Guardado: titulares_grado_4.pdf
2026-05-30 12:41:32 [INFO] navegacion - Intentando descargar PDF 6/15...
2026-05-30 12:41:32 [INFO] navegacion - Guardado: titulares_grado_5.pdf
2026-05-30 12:41:33 [INFO] navegacion - Intentando descargar PDF 7/15...
2026-05-30 12:41:33 [INFO] navegacion - Guardado: titulares_grado_6.pdf
2026-05-30 12:41:34 [INFO] navegacion - Intentando descargar PDF 8/15...
2026-05-30 12:41:34 [INFO] navegacion - Guardado: titulares_grado_7.pdf
2026-05-30 12:41:35 [INFO] navegacion - Intentando descargar PDF 9/15...
2026-05-30 12:41:35 [INFO] navegacion - Guardado: titulares_grado_8.pdf
2026-05-30 12:41:35 [INFO] navegacion - Intentando descargar PDF 10/15...
2026-05-30 12:41:36 [INFO] navegacion - Guardado: titulares_grado_9.pdf
2026-05-30 12:41:36 [INFO] navegacion - Intentando descargar PDF 11/15...
2026-05-30 12:41:37 [INFO] navegacion - Guardado: titulares_grado_10.pdf
2026-05-30 12:41:37 [INFO] navegacion - Intentando descargar PDF 12/15...
2026-05-30 12:41:38 [INFO] navegacion - Guardado: titulares_grado_11.pdf
2026-05-30 12:41:38 [INFO] navegacion - Intentando descargar PDF 13/15...
2026-05-30 12:41:38 [INFO] navegacion - Guardado: titulares_grado_12.pdf
2026-05-30 12:41:39 [INFO] navegacion - Intentando descargar PDF 14/15...
2026-05-30 12:41:39 [INFO] navegacion - Guardado: titulares_grado_13.pdf
2026-05-30 12:41:40 [INFO] navegacion - Intentando descargar PDF 15/15...
2026-05-30 12:41:40 [INFO] navegacion - Guardado: titulares_grado_14.pdf
2026-05-30 12:41:41 [INFO] navegacion - Total PDFs descargados: 15
2026-05-30 12:41:41 [INFO] extraccion - ‍ Titular: RODRIGUEZ GALVIZ ANGELA MARIA → Grado: Transición / Curso: A [titulares_grado_0.pdf]
2026-05-30 12:41:41 [INFO] extraccion - ‍ Titular: VARGAS MONCADA ERLY MARIA → Grado: Primero / Curso: A [titulares_grado_1.pdf]
2026-05-30 12:41:41 [INFO] extraccion - ‍ Titular: RANGEL GARCIA JOHANA PATRICIA → Grado: Segundo / Curso: A [titulares_grado_2.pdf]
2026-05-30 12:41:41 [INFO] extraccion - ‍ Titular: SUAREZ ACEVEDO PAOLA ESPERANZA → Grado: Tercero / Curso: A [titulares_grado_3.pdf]
2026-05-30 12:41:41 [INFO] extraccion - ‍ Titular: SANDOVAL COTE ROSAHYRA MILENA → Grado: Cuarto / Curso: A [titulares_grado_4.pdf]
2026-05-30 12:41:41 [INFO] extraccion - ‍ Titular: TARAZONA FERNANDEZ VIANNEY ROCIO → Grado: Quinto / Curso: A [titulares_grado_5.pdf]
2026-05-30 12:41:41 [INFO] extraccion - ‍ Titular: BARBOSA RIOBO NIMSSY MAGDIEL → Grado: Sexto / Curso: A [titulares_grado_6.pdf]
2026-05-30 12:41:41 [INFO] extraccion - ‍ Titular: PAEZ JAUREGUI LEONARDO → Grado: Séptimo / Curso: A [titulares_grado_7.pdf]
2026-05-30 12:41:42 [INFO] extraccion - ‍ Titular: GELVEZ DE MONTAÑEZ MAGALLY MAGALLY → Grado: Octavo / Curso: A [titulares_grado_8.pdf]
2026-05-30 12:41:42 [INFO] extraccion - ‍ Titular: RAMIREZ GARCIA JAMES JOSE → Grado: Noveno / Curso: A [titulares_grado_9.pdf]
2026-05-30 12:41:42 [INFO] extraccion - ‍ Titular: PINILLOS JULIAN DAVID → Grado: Décimo / Curso: A [titulares_grado_10.pdf]
2026-05-30 12:41:42 [INFO] extraccion - ‍ Titular: BUSTOS MELO LEIDY LORENA → Grado: Once / Curso: A [titulares_grado_11.pdf]
2026-05-30 12:41:42 [INFO] extraccion - ‍ Titular: VILLAMIZAR FERNANDEZ MILENA DEL PILAR → Grado: Jardín / Curso: A [titulares_grado_12.pdf]
2026-05-30 12:41:42 [INFO] extraccion - ‍ Titular: MONTAÑEZ CARRILLO GLENDA CARRILLO → Grado: Parvulos / Curso: A [titulares_grado_13.pdf]
2026-05-30 12:41:42 [INFO] extraccion - ‍ Titular: GARCIA MEJIA YULIETH ANDREA → Grado: Prejardín / Curso: A [titulares_grado_14.pdf]
2026-05-30 12:41:42 [INFO] extraccion - Total titulares extraídos: 15
2026-05-30 12:41:42 [INFO] autenticacion - Abriendo: https://www.webcolegios.com/clararincon/
2026-05-30 12:41:44 [DEBUG] autenticacion - Usuario ingresado: 60267973
2026-05-30 12:41:44 [DEBUG] autenticacion - Contraseña ingresada
2026-05-30 12:41:44 [DEBUG] autenticacion - Tipo de usuario seleccionado: Administrativo
2026-05-30 12:41:44 [INFO] autenticacion - Captcha detectado: '6 + 7 ='
2026-05-30 12:41:44 [DEBUG] autenticacion - Captcha resuelto: 6 + 7 = = 13
2026-05-30 12:41:44 [DEBUG] autenticacion - Respuesta captcha ingresada: 13
2026-05-30 12:41:44 [INFO] autenticacion - Botón 'Acceder' presionado
2026-05-30 12:41:44 [INFO] autenticacion - Esperando modal de bienvenida...
2026-05-30 12:42:04 [WARNING] autenticacion - Modal no detectado
2026-05-30 12:42:06 [INFO] autenticacion - Autenticación exitosa — dashboard cargado
2026-05-30 12:42:06 [INFO] navegacion - ==================================================
2026-05-30 12:42:06 [INFO] navegacion - FASE B — Descarga del PDF del listado de docentes
2026-05-30 12:42:06 [INFO] navegacion - ==================================================
2026-05-30 12:42:06 [INFO] navegacion - Navegando a: https://www.webcolegios.com/admin_lista_uso_general.php
2026-05-30 12:42:09 [INFO] navegacion - Seleccionando tomar datos de: 'Docentes'
2026-05-30 12:42:09 [INFO] navegacion - Radio 'Docentes' seleccionado (estrategia label>radio)
2026-05-30 12:42:10 [INFO] navegacion - ▶  Presionando 'Siguiente'
2026-05-30 12:42:14 [INFO] navegacion - Descargando PDF del listado de docentes...
2026-05-30 12:42:14 [INFO] navegacion - PDF de docentes guardado: D:\Cambrigue\NewCambrige-backend\app\modules\importacion\scraper\..\downloads\docentes_listado.pdf
2026-05-30 12:42:14 [INFO] extraccion - PDF 'docentes_listado.pdf' encontrado, extrayendo desde PDF...
2026-05-30 12:42:14 [INFO] extraccion - Leyendo PDF: D:\Cambrigue\NewCambrige-backend\app\modules\importacion\scraper\..\downloads\docentes_listado.pdf
2026-05-30 12:42:14 [INFO] extraccion - 31 registros extraídos del PDF
2026-05-30 13:11:53 [INFO] extraccion - Leyendo PDF: d:\Cambrigue\NewCambrige-backend\app\modules\importacion\downloads\impresion.pdf
2026-05-30 13:11:54 [INFO] extraccion - 339 registros extraídos del PDF
2026-05-30 13:22:11 [INFO] driver_setup - Configurando Playwright Chromium...
2026-05-30 13:22:12 [INFO] driver_setup - Playwright Chromium iniciado correctamente
2026-05-30 13:22:12 [INFO] autenticacion - Abriendo: https://www.webcolegios.com/clararincon/
2026-05-30 13:22:17 [DEBUG] autenticacion - Usuario ingresado: 60267973
2026-05-30 13:22:17 [DEBUG] autenticacion - Contraseña ingresada
2026-05-30 13:22:17 [DEBUG] autenticacion - Tipo de usuario seleccionado: Administrativo
2026-05-30 13:22:17 [INFO] autenticacion - Captcha detectado: '5 + 1 ='
2026-05-30 13:22:17 [DEBUG] autenticacion - Captcha resuelto: 5 + 1 = = 6
2026-05-30 13:22:17 [DEBUG] autenticacion - Respuesta captcha ingresada: 6
2026-05-30 13:22:17 [INFO] autenticacion - Botón 'Acceder' presionado
2026-05-30 13:22:17 [INFO] autenticacion - Esperando modal de bienvenida...
2026-05-30 13:22:37 [WARNING] autenticacion - Modal no detectado
2026-05-30 13:22:39 [INFO] autenticacion - Autenticación exitosa — dashboard cargado
2026-05-30 13:22:39 [INFO] navegacion - Navegando a: https://www.webcolegios.com/admin_lista_uso_general.php
2026-05-30 13:22:43 [INFO] navegacion - Seleccionando tomar datos de: 'Estudiantes'
2026-05-30 13:22:43 [INFO] navegacion - Radio 'Estudiantes' seleccionado (estrategia label>radio)
2026-05-30 13:22:43 [INFO] navegacion - Marcando 'No incluir retirados ni desertores'
2026-05-30 13:22:43 [INFO] navegacion - 'No incluir retirados ni desertores' marcado
2026-05-30 13:22:43 [INFO] navegacion - ▶  Presionando 'Siguiente'
2026-05-30 13:22:46 [INFO] navegacion - Marcando 'Imprimir todos los alumnos (tipo escuela nueva)'
2026-05-30 13:22:46 [DEBUG] navegacion - Checkbox 'escuela_nueva' marcado
2026-05-30 13:22:46 [INFO] navegacion - Presionando 'Imprimir'
2026-05-30 13:22:47 [INFO] navegacion - PDF interceptado vía route: https://www.webcolegios.com/listas_estudiantes_uso_general4.php
2026-05-30 13:22:54 [INFO] navegacion - PDF guardado exitosamente en D:\Cambrigue\NewCambrige-backend\app\modules\importacion\scraper\..\downloads\impresion.pdf
2026-05-30 13:22:54 [INFO] navegacion - Nueva pestaña: :
2026-05-30 13:22:54 [INFO] extraccion - Extrayendo estudiantes desde HTML...
2026-05-30 13:22:54 [WARNING] extraccion - No se encontraron registros en el HTML
2026-05-30 13:22:54 [INFO] extraccion - Extrayendo estudiantes desde HTML...
2026-05-30 13:22:54 [WARNING] extraccion - No se encontraron registros en el HTML
2026-05-30 13:22:54 [INFO] extraccion - Extrayendo estudiantes desde HTML...
2026-05-30 13:22:54 [WARNING] extraccion - No se encontraron registros en el HTML
2026-05-30 13:22:54 [INFO] extraccion - Esperando PDF en: D:\Cambrigue\NewCambrige-backend\app\modules\importacion\scraper\..\downloads
2026-05-30 13:22:54 [INFO] extraccion - PDF listo: D:\Cambrigue\NewCambrige-backend\app\modules\importacion\scraper\..\downloads\impresion.pdf
2026-05-30 13:22:54 [INFO] extraccion - Leyendo PDF: D:\Cambrigue\NewCambrige-backend\app\modules\importacion\scraper\..\downloads\impresion.pdf
2026-05-30 13:22:55 [INFO] extraccion - 339 registros extraídos del PDF
2026-05-30 13:22:56 [INFO] autenticacion - Abriendo: https://www.webcolegios.com/clararincon/
2026-05-30 13:22:58 [DEBUG] autenticacion - Usuario ingresado: 60267973
2026-05-30 13:22:58 [DEBUG] autenticacion - Contraseña ingresada
2026-05-30 13:22:58 [DEBUG] autenticacion - Tipo de usuario seleccionado: Administrativo
2026-05-30 13:22:58 [INFO] autenticacion - Captcha detectado: '8 + 6 ='
2026-05-30 13:22:58 [DEBUG] autenticacion - Captcha resuelto: 8 + 6 = = 14
2026-05-30 13:22:58 [DEBUG] autenticacion - Respuesta captcha ingresada: 14
2026-05-30 13:22:58 [INFO] autenticacion - Botón 'Acceder' presionado
2026-05-30 13:22:58 [INFO] autenticacion - Esperando modal de bienvenida...
2026-05-30 13:23:19 [WARNING] autenticacion - Modal no detectado
2026-05-30 13:23:21 [INFO] autenticacion - Autenticación exitosa — dashboard cargado
2026-05-30 13:23:21 [INFO] navegacion - ==================================================
2026-05-30 13:23:21 [INFO] navegacion - FASE A — Descarga de PDFs de titulares por grado
2026-05-30 13:23:21 [INFO] navegacion - ==================================================
2026-05-30 13:23:21 [INFO] navegacion - Navegando a: https://www.webcolegios.com/admin_lista_uso_general.php
2026-05-30 13:23:24 [INFO] navegacion - Marcando 'No incluir retirados ni desertores'
2026-05-30 13:23:24 [INFO] navegacion - 'No incluir retirados ni desertores' marcado
2026-05-30 13:23:24 [INFO] navegacion - ▶  Presionando 'Siguiente'
2026-05-30 13:23:27 [INFO] navegacion - Buscando PDFs individuales por grado en Página 2...
2026-05-30 13:23:29 [INFO] navegacion - Selector 'input[type='image'][src*='print_p']': 15 enlace(s) encontrado(s)
2026-05-30 13:23:29 [INFO] navegacion - Selector 'a:has-text('PDF')': 1 enlace(s) encontrado(s)
2026-05-30 13:23:29 [INFO] navegacion - Total de posibles enlaces PDF visibles encontrados: 15
2026-05-30 13:23:29 [INFO] navegacion - Intentando descargar PDF 1/15...
2026-05-30 13:23:30 [INFO] navegacion - Guardado: titulares_grado_0.pdf
2026-05-30 13:23:30 [INFO] navegacion - Intentando descargar PDF 2/15...
2026-05-30 13:23:31 [INFO] navegacion - Guardado: titulares_grado_1.pdf
2026-05-30 13:23:31 [INFO] navegacion - Intentando descargar PDF 3/15...
2026-05-30 13:23:31 [INFO] navegacion - Guardado: titulares_grado_2.pdf
2026-05-30 13:23:32 [INFO] navegacion - Intentando descargar PDF 4/15...
2026-05-30 13:23:32 [INFO] navegacion - Guardado: titulares_grado_3.pdf
2026-05-30 13:23:33 [INFO] navegacion - Intentando descargar PDF 5/15...
2026-05-30 13:23:33 [INFO] navegacion - Guardado: titulares_grado_4.pdf
2026-05-30 13:23:34 [INFO] navegacion - Intentando descargar PDF 6/15...
2026-05-30 13:23:34 [INFO] navegacion - Guardado: titulares_grado_5.pdf
2026-05-30 13:23:35 [INFO] navegacion - Intentando descargar PDF 7/15...
2026-05-30 13:23:35 [INFO] navegacion - Guardado: titulares_grado_6.pdf
2026-05-30 13:23:35 [INFO] navegacion - Intentando descargar PDF 8/15...
2026-05-30 13:23:36 [INFO] navegacion - Guardado: titulares_grado_7.pdf
2026-05-30 13:23:36 [INFO] navegacion - Intentando descargar PDF 9/15...
2026-05-30 13:23:37 [INFO] navegacion - Guardado: titulares_grado_8.pdf
2026-05-30 13:23:37 [INFO] navegacion - Intentando descargar PDF 10/15...
2026-05-30 13:23:38 [INFO] navegacion - Guardado: titulares_grado_9.pdf
2026-05-30 13:23:38 [INFO] navegacion - Intentando descargar PDF 11/15...
2026-05-30 13:23:38 [INFO] navegacion - Guardado: titulares_grado_10.pdf
2026-05-30 13:23:39 [INFO] navegacion - Intentando descargar PDF 12/15...
2026-05-30 13:23:42 [INFO] navegacion - Guardado: titulares_grado_11.pdf
2026-05-30 13:23:42 [INFO] navegacion - Intentando descargar PDF 13/15...
2026-05-30 13:23:43 [INFO] navegacion - Guardado: titulares_grado_12.pdf
2026-05-30 13:23:43 [INFO] navegacion - Intentando descargar PDF 14/15...
2026-05-30 13:23:43 [INFO] navegacion - Guardado: titulares_grado_13.pdf
2026-05-30 13:23:44 [INFO] navegacion - Intentando descargar PDF 15/15...
2026-05-30 13:23:44 [INFO] navegacion - Guardado: titulares_grado_14.pdf
2026-05-30 13:23:45 [INFO] navegacion - Total PDFs descargados: 15
2026-05-30 13:23:45 [INFO] extraccion - ‍ Titular: RODRIGUEZ GALVIZ ANGELA MARIA → Grado: Transición / Curso: A [titulares_grado_0.pdf]
2026-05-30 13:23:45 [INFO] extraccion - ‍ Titular: VARGAS MONCADA ERLY MARIA → Grado: Primero / Curso: A [titulares_grado_1.pdf]
2026-05-30 13:23:45 [INFO] extraccion - ‍ Titular: RANGEL GARCIA JOHANA PATRICIA → Grado: Segundo / Curso: A [titulares_grado_2.pdf]
2026-05-30 13:23:45 [INFO] extraccion - ‍ Titular: SUAREZ ACEVEDO PAOLA ESPERANZA → Grado: Tercero / Curso: A [titulares_grado_3.pdf]
2026-05-30 13:23:45 [INFO] extraccion - ‍ Titular: SANDOVAL COTE ROSAHYRA MILENA → Grado: Cuarto / Curso: A [titulares_grado_4.pdf]
2026-05-30 13:23:46 [INFO] extraccion - ‍ Titular: TARAZONA FERNANDEZ VIANNEY ROCIO → Grado: Quinto / Curso: A [titulares_grado_5.pdf]
2026-05-30 13:23:46 [INFO] extraccion - ‍ Titular: BARBOSA RIOBO NIMSSY MAGDIEL → Grado: Sexto / Curso: A [titulares_grado_6.pdf]
2026-05-30 13:23:46 [INFO] extraccion - ‍ Titular: PAEZ JAUREGUI LEONARDO → Grado: Séptimo / Curso: A [titulares_grado_7.pdf]
2026-05-30 13:23:46 [INFO] extraccion - ‍ Titular: GELVEZ DE MONTAÑEZ MAGALLY MAGALLY → Grado: Octavo / Curso: A [titulares_grado_8.pdf]
2026-05-30 13:23:46 [INFO] extraccion - ‍ Titular: RAMIREZ GARCIA JAMES JOSE → Grado: Noveno / Curso: A [titulares_grado_9.pdf]
2026-05-30 13:23:46 [INFO] extraccion - ‍ Titular: PINILLOS JULIAN DAVID → Grado: Décimo / Curso: A [titulares_grado_10.pdf]
2026-05-30 13:23:46 [INFO] extraccion - ‍ Titular: BUSTOS MELO LEIDY LORENA → Grado: Once / Curso: A [titulares_grado_11.pdf]
2026-05-30 13:23:46 [INFO] extraccion - ‍ Titular: VILLAMIZAR FERNANDEZ MILENA DEL PILAR → Grado: Jardín / Curso: A [titulares_grado_12.pdf]
2026-05-30 13:23:46 [INFO] extraccion - ‍ Titular: MONTAÑEZ CARRILLO GLENDA CARRILLO → Grado: Parvulos / Curso: A [titulares_grado_13.pdf]
2026-05-30 13:23:46 [INFO] extraccion - ‍ Titular: GARCIA MEJIA YULIETH ANDREA → Grado: Prejardín / Curso: A [titulares_grado_14.pdf]
2026-05-30 13:23:46 [INFO] extraccion - Total titulares extraídos: 15
2026-05-30 13:23:46 [INFO] autenticacion - Abriendo: https://www.webcolegios.com/clararincon/
2026-05-30 13:23:49 [DEBUG] autenticacion - Usuario ingresado: 60267973
2026-05-30 13:23:49 [DEBUG] autenticacion - Contraseña ingresada
2026-05-30 13:23:49 [DEBUG] autenticacion - Tipo de usuario seleccionado: Administrativo
2026-05-30 13:23:49 [INFO] autenticacion - Captcha detectado: '8 + 4 ='
2026-05-30 13:23:49 [DEBUG] autenticacion - Captcha resuelto: 8 + 4 = = 12
2026-05-30 13:23:49 [DEBUG] autenticacion - Respuesta captcha ingresada: 12
2026-05-30 13:23:49 [INFO] autenticacion - Botón 'Acceder' presionado
2026-05-30 13:23:49 [INFO] autenticacion - Esperando modal de bienvenida...
2026-05-30 13:24:09 [WARNING] autenticacion - Modal no detectado
2026-05-30 13:24:11 [INFO] autenticacion - Autenticación exitosa — dashboard cargado
2026-05-30 13:24:11 [INFO] navegacion - ==================================================
2026-05-30 13:24:11 [INFO] navegacion - FASE B — Descarga del PDF del listado de docentes
2026-05-30 13:24:11 [INFO] navegacion - ==================================================
2026-05-30 13:24:11 [INFO] navegacion - Navegando a: https://www.webcolegios.com/admin_lista_uso_general.php
2026-05-30 13:24:14 [INFO] navegacion - Seleccionando tomar datos de: 'Docentes'
2026-05-30 13:24:14 [INFO] navegacion - Radio 'Docentes' seleccionado (estrategia label>radio)
2026-05-30 13:24:15 [INFO] navegacion - ▶  Presionando 'Siguiente'
2026-05-30 13:24:18 [INFO] navegacion - Descargando PDF del listado de docentes...
2026-05-30 13:24:18 [INFO] navegacion - PDF de docentes guardado: D:\Cambrigue\NewCambrige-backend\app\modules\importacion\scraper\..\downloads\docentes_listado.pdf
2026-05-30 13:24:18 [INFO] extraccion - PDF 'docentes_listado.pdf' encontrado, extrayendo desde PDF...
2026-05-30 13:24:18 [INFO] extraccion - Leyendo PDF: D:\Cambrigue\NewCambrige-backend\app\modules\importacion\scraper\..\downloads\docentes_listado.pdf
2026-05-30 13:24:18 [INFO] extraccion - 31 registros extraídos del PDF
2026-05-30 13:39:57 [INFO] driver_setup - Configurando Playwright Chromium...
2026-05-30 13:40:00 [INFO] driver_setup - Playwright Chromium iniciado correctamente
2026-05-30 13:40:00 [INFO] autenticacion - Abriendo: https://www.webcolegios.com/clararincon/
2026-05-30 13:40:07 [DEBUG] autenticacion - Usuario ingresado: 60267973
2026-05-30 13:40:08 [DEBUG] autenticacion - Contraseña ingresada
2026-05-30 13:40:08 [DEBUG] autenticacion - Tipo de usuario seleccionado: Administrativo
2026-05-30 13:40:08 [INFO] autenticacion - Captcha detectado: '7 + 4 ='
2026-05-30 13:40:08 [DEBUG] autenticacion - Captcha resuelto: 7 + 4 = = 11
2026-05-30 13:40:08 [DEBUG] autenticacion - Respuesta captcha ingresada: 11
2026-05-30 13:40:08 [INFO] autenticacion - Botón 'Acceder' presionado
2026-05-30 13:40:08 [INFO] autenticacion - Esperando modal de bienvenida...
2026-05-30 13:40:28 [WARNING] autenticacion - Modal no detectado
2026-05-30 13:40:30 [INFO] autenticacion - Autenticación exitosa — dashboard cargado
2026-05-30 13:40:30 [INFO] navegacion - Navegando a: https://www.webcolegios.com/admin_lista_uso_general.php
2026-05-30 13:40:33 [INFO] navegacion - Seleccionando tomar datos de: 'Estudiantes'
2026-05-30 13:40:33 [INFO] navegacion - Radio 'Estudiantes' seleccionado (estrategia label>radio)
2026-05-30 13:40:33 [INFO] navegacion - Marcando 'No incluir retirados ni desertores'
2026-05-30 13:40:33 [INFO] navegacion - 'No incluir retirados ni desertores' marcado
2026-05-30 13:40:33 [INFO] navegacion - ▶  Presionando 'Siguiente'
2026-05-30 13:40:36 [INFO] navegacion - Marcando 'Imprimir todos los alumnos (tipo escuela nueva)'
2026-05-30 13:40:37 [DEBUG] navegacion - Checkbox 'escuela_nueva' marcado
2026-05-30 13:40:37 [INFO] navegacion - Presionando 'Imprimir'
2026-05-30 13:40:38 [INFO] navegacion - PDF interceptado vía route: https://www.webcolegios.com/listas_estudiantes_uso_general4.php
2026-05-30 13:40:45 [INFO] navegacion - PDF guardado exitosamente en D:\Cambrigue\NewCambrige-backend\app\modules\importacion\scraper\..\downloads\impresion.pdf
2026-05-30 13:40:45 [INFO] navegacion - Nueva pestaña: :
2026-05-30 13:40:45 [INFO] extraccion - Extrayendo estudiantes desde HTML...
2026-05-30 13:40:45 [WARNING] extraccion - No se encontraron registros en el HTML
2026-05-30 13:40:45 [INFO] extraccion - Extrayendo estudiantes desde HTML...
2026-05-30 13:40:45 [WARNING] extraccion - No se encontraron registros en el HTML
2026-05-30 13:40:45 [INFO] extraccion - Extrayendo estudiantes desde HTML...
2026-05-30 13:40:46 [WARNING] extraccion - No se encontraron registros en el HTML
2026-05-30 13:40:46 [INFO] extraccion - Esperando PDF en: D:\Cambrigue\NewCambrige-backend\app\modules\importacion\scraper\..\downloads
2026-05-30 13:40:46 [INFO] extraccion - PDF listo: D:\Cambrigue\NewCambrige-backend\app\modules\importacion\scraper\..\downloads\impresion.pdf
2026-05-30 13:40:46 [INFO] extraccion - Leyendo PDF: D:\Cambrigue\NewCambrige-backend\app\modules\importacion\scraper\..\downloads\impresion.pdf
2026-05-30 13:40:47 [INFO] extraccion - 339 registros extraídos del PDF
2026-05-30 13:40:47 [INFO] autenticacion - Abriendo: https://www.webcolegios.com/clararincon/
2026-05-30 13:40:50 [DEBUG] autenticacion - Usuario ingresado: 60267973
2026-05-30 13:40:50 [DEBUG] autenticacion - Contraseña ingresada
2026-05-30 13:40:50 [DEBUG] autenticacion - Tipo de usuario seleccionado: Administrativo
2026-05-30 13:40:50 [INFO] autenticacion - Captcha detectado: '3 + 4 ='
2026-05-30 13:40:50 [DEBUG] autenticacion - Captcha resuelto: 3 + 4 = = 7
2026-05-30 13:40:50 [DEBUG] autenticacion - Respuesta captcha ingresada: 7
2026-05-30 13:40:50 [INFO] autenticacion - Botón 'Acceder' presionado
2026-05-30 13:40:50 [INFO] autenticacion - Esperando modal de bienvenida...
2026-05-30 13:41:10 [WARNING] autenticacion - Modal no detectado
2026-05-30 13:41:12 [INFO] autenticacion - Autenticación exitosa — dashboard cargado
2026-05-30 13:41:12 [INFO] navegacion - ==================================================
2026-05-30 13:41:12 [INFO] navegacion - FASE A — Descarga de PDFs de titulares por grado
2026-05-30 13:41:12 [INFO] navegacion - ==================================================
2026-05-30 13:41:12 [INFO] navegacion - Navegando a: https://www.webcolegios.com/admin_lista_uso_general.php
2026-05-30 13:41:16 [INFO] navegacion - Marcando 'No incluir retirados ni desertores'
2026-05-30 13:41:16 [INFO] navegacion - 'No incluir retirados ni desertores' marcado
2026-05-30 13:41:16 [INFO] navegacion - ▶  Presionando 'Siguiente'
2026-05-30 13:41:19 [INFO] navegacion - Buscando PDFs individuales por grado en Página 2...
2026-05-30 13:41:21 [INFO] navegacion - Selector 'input[type='image'][src*='print_p']': 15 enlace(s) encontrado(s)
2026-05-30 13:41:21 [INFO] navegacion - Selector 'a:has-text('PDF')': 1 enlace(s) encontrado(s)
2026-05-30 13:41:21 [INFO] navegacion - Total de posibles enlaces PDF visibles encontrados: 15
2026-05-30 13:41:21 [INFO] navegacion - Intentando descargar PDF 1/15...
2026-05-30 13:41:22 [INFO] navegacion - Guardado: titulares_grado_0.pdf
2026-05-30 13:41:22 [INFO] navegacion - Intentando descargar PDF 2/15...
2026-05-30 13:41:23 [INFO] navegacion - Guardado: titulares_grado_1.pdf
2026-05-30 13:41:23 [INFO] navegacion - Intentando descargar PDF 3/15...
2026-05-30 13:41:23 [INFO] navegacion - Guardado: titulares_grado_2.pdf
2026-05-30 13:41:24 [INFO] navegacion - Intentando descargar PDF 4/15...
2026-05-30 13:41:24 [INFO] navegacion - Guardado: titulares_grado_3.pdf
2026-05-30 13:41:25 [INFO] navegacion - Intentando descargar PDF 5/15...
2026-05-30 13:41:25 [INFO] navegacion - Guardado: titulares_grado_4.pdf
2026-05-30 13:41:26 [INFO] navegacion - Intentando descargar PDF 6/15...
2026-05-30 13:41:26 [INFO] navegacion - Guardado: titulares_grado_5.pdf
2026-05-30 13:41:27 [INFO] navegacion - Intentando descargar PDF 7/15...
2026-05-30 13:41:27 [INFO] navegacion - Guardado: titulares_grado_6.pdf
2026-05-30 13:41:28 [INFO] navegacion - Intentando descargar PDF 8/15...
2026-05-30 13:41:28 [INFO] navegacion - Guardado: titulares_grado_7.pdf
2026-05-30 13:41:28 [INFO] navegacion - Intentando descargar PDF 9/15...
2026-05-30 13:41:29 [INFO] navegacion - Guardado: titulares_grado_8.pdf
2026-05-30 13:41:29 [INFO] navegacion - Intentando descargar PDF 10/15...
2026-05-30 13:41:30 [INFO] navegacion - Guardado: titulares_grado_9.pdf
2026-05-30 13:41:30 [INFO] navegacion - Intentando descargar PDF 11/15...
2026-05-30 13:41:31 [INFO] navegacion - Guardado: titulares_grado_10.pdf
2026-05-30 13:41:31 [INFO] navegacion - Intentando descargar PDF 12/15...
2026-05-30 13:41:32 [INFO] navegacion - Guardado: titulares_grado_11.pdf
2026-05-30 13:41:32 [INFO] navegacion - Intentando descargar PDF 13/15...
2026-05-30 13:41:32 [INFO] navegacion - Guardado: titulares_grado_12.pdf
2026-05-30 13:41:33 [INFO] navegacion - Intentando descargar PDF 14/15...
2026-05-30 13:41:33 [INFO] navegacion - Guardado: titulares_grado_13.pdf
2026-05-30 13:41:34 [INFO] navegacion - Intentando descargar PDF 15/15...
2026-05-30 13:41:34 [INFO] navegacion - Guardado: titulares_grado_14.pdf
2026-05-30 13:41:35 [INFO] navegacion - Total PDFs descargados: 15
2026-05-30 13:41:35 [INFO] extraccion - ‍ Titular: RODRIGUEZ GALVIZ ANGELA MARIA → Grado: Transición / Curso: A [titulares_grado_0.pdf]
2026-05-30 13:41:35 [INFO] extraccion - ‍ Titular: VARGAS MONCADA ERLY MARIA → Grado: Primero / Curso: A [titulares_grado_1.pdf]
2026-05-30 13:41:35 [INFO] extraccion - ‍ Titular: RANGEL GARCIA JOHANA PATRICIA → Grado: Segundo / Curso: A [titulares_grado_2.pdf]
2026-05-30 13:41:35 [INFO] extraccion - ‍ Titular: SUAREZ ACEVEDO PAOLA ESPERANZA → Grado: Tercero / Curso: A [titulares_grado_3.pdf]
2026-05-30 13:41:35 [INFO] extraccion - ‍ Titular: SANDOVAL COTE ROSAHYRA MILENA → Grado: Cuarto / Curso: A [titulares_grado_4.pdf]
2026-05-30 13:41:35 [INFO] extraccion - ‍ Titular: TARAZONA FERNANDEZ VIANNEY ROCIO → Grado: Quinto / Curso: A [titulares_grado_5.pdf]
2026-05-30 13:41:35 [INFO] extraccion - ‍ Titular: BARBOSA RIOBO NIMSSY MAGDIEL → Grado: Sexto / Curso: A [titulares_grado_6.pdf]
2026-05-30 13:41:36 [INFO] extraccion - ‍ Titular: PAEZ JAUREGUI LEONARDO → Grado: Séptimo / Curso: A [titulares_grado_7.pdf]
2026-05-30 13:41:36 [INFO] extraccion - ‍ Titular: GELVEZ DE MONTAÑEZ MAGALLY MAGALLY → Grado: Octavo / Curso: A [titulares_grado_8.pdf]
2026-05-30 13:41:36 [INFO] extraccion - ‍ Titular: RAMIREZ GARCIA JAMES JOSE → Grado: Noveno / Curso: A [titulares_grado_9.pdf]
2026-05-30 13:41:36 [INFO] extraccion - ‍ Titular: PINILLOS JULIAN DAVID → Grado: Décimo / Curso: A [titulares_grado_10.pdf]
2026-05-30 13:41:36 [INFO] extraccion - ‍ Titular: BUSTOS MELO LEIDY LORENA → Grado: Once / Curso: A [titulares_grado_11.pdf]
2026-05-30 13:41:36 [INFO] extraccion - ‍ Titular: VILLAMIZAR FERNANDEZ MILENA DEL PILAR → Grado: Jardín / Curso: A [titulares_grado_12.pdf]
2026-05-30 13:41:36 [INFO] extraccion - ‍ Titular: MONTAÑEZ CARRILLO GLENDA CARRILLO → Grado: Parvulos / Curso: A [titulares_grado_13.pdf]
2026-05-30 13:41:36 [INFO] extraccion - ‍ Titular: GARCIA MEJIA YULIETH ANDREA → Grado: Prejardín / Curso: A [titulares_grado_14.pdf]
2026-05-30 13:41:36 [INFO] extraccion - Total titulares extraídos: 15
2026-05-30 13:41:36 [INFO] autenticacion - Abriendo: https://www.webcolegios.com/clararincon/
2026-05-30 13:41:38 [DEBUG] autenticacion - Usuario ingresado: 60267973
2026-05-30 13:41:38 [DEBUG] autenticacion - Contraseña ingresada
2026-05-30 13:41:38 [DEBUG] autenticacion - Tipo de usuario seleccionado: Administrativo
2026-05-30 13:41:38 [INFO] autenticacion - Captcha detectado: '6 + 2 ='
2026-05-30 13:41:38 [DEBUG] autenticacion - Captcha resuelto: 6 + 2 = = 8
2026-05-30 13:41:38 [DEBUG] autenticacion - Respuesta captcha ingresada: 8
2026-05-30 13:41:38 [INFO] autenticacion - Botón 'Acceder' presionado
2026-05-30 13:41:38 [INFO] autenticacion - Esperando modal de bienvenida...
2026-05-30 13:41:58 [WARNING] autenticacion - Modal no detectado
2026-05-30 13:42:00 [INFO] autenticacion - Autenticación exitosa — dashboard cargado
2026-05-30 13:42:00 [INFO] navegacion - ==================================================
2026-05-30 13:42:00 [INFO] navegacion - FASE B — Descarga del PDF del listado de docentes
2026-05-30 13:42:00 [INFO] navegacion - ==================================================
2026-05-30 13:42:00 [INFO] navegacion - Navegando a: https://www.webcolegios.com/admin_lista_uso_general.php
2026-05-30 13:42:03 [INFO] navegacion - Seleccionando tomar datos de: 'Docentes'
2026-05-30 13:42:03 [INFO] navegacion - Radio 'Docentes' seleccionado (estrategia label>radio)
2026-05-30 13:42:04 [INFO] navegacion - ▶  Presionando 'Siguiente'
2026-05-30 13:42:07 [INFO] navegacion - Descargando PDF del listado de docentes...
2026-05-30 13:42:08 [INFO] navegacion - PDF de docentes guardado: D:\Cambrigue\NewCambrige-backend\app\modules\importacion\scraper\..\downloads\docentes_listado.pdf
2026-05-30 13:42:08 [INFO] extraccion - PDF 'docentes_listado.pdf' encontrado, extrayendo desde PDF...
2026-05-30 13:42:08 [INFO] extraccion - Leyendo PDF: D:\Cambrigue\NewCambrige-backend\app\modules\importacion\scraper\..\downloads\docentes_listado.pdf
2026-05-30 13:42:08 [INFO] extraccion - 31 registros extraídos del PDF
2026-05-30 14:01:40 [INFO] driver_setup - Configurando Playwright Chromium...
2026-05-30 14:01:40 [INFO] driver_setup - Playwright Chromium iniciado correctamente
2026-05-30 14:01:40 [INFO] autenticacion - Abriendo: https://www.webcolegios.com/clararincon/
2026-05-30 14:01:46 [DEBUG] autenticacion - Usuario ingresado: 60267973
2026-05-30 14:01:46 [DEBUG] autenticacion - Contraseña ingresada
2026-05-30 14:01:46 [DEBUG] autenticacion - Tipo de usuario seleccionado: Administrativo
2026-05-30 14:01:46 [INFO] autenticacion - Captcha detectado: '5 + 4 ='
2026-05-30 14:01:46 [DEBUG] autenticacion - Captcha resuelto: 5 + 4 = = 9
2026-05-30 14:01:46 [DEBUG] autenticacion - Respuesta captcha ingresada: 9
2026-05-30 14:01:46 [INFO] autenticacion - Botón 'Acceder' presionado
2026-05-30 14:01:46 [INFO] autenticacion - Esperando modal de bienvenida...
2026-05-30 14:02:07 [WARNING] autenticacion - Modal no detectado
2026-05-30 14:02:09 [INFO] autenticacion - Autenticación exitosa — dashboard cargado
2026-05-30 14:02:09 [INFO] navegacion - Navegando a: https://www.webcolegios.com/admin_lista_uso_general.php
2026-05-30 14:02:12 [INFO] navegacion - Seleccionando tomar datos de: 'Estudiantes'
2026-05-30 14:02:12 [INFO] navegacion - Radio 'Estudiantes' seleccionado (estrategia label>radio)
2026-05-30 14:02:12 [INFO] navegacion - Marcando 'No incluir retirados ni desertores'
2026-05-30 14:02:12 [INFO] navegacion - 'No incluir retirados ni desertores' marcado
2026-05-30 14:02:12 [INFO] navegacion - ▶  Presionando 'Siguiente'
2026-05-30 14:02:15 [INFO] navegacion - Marcando 'Imprimir todos los alumnos (tipo escuela nueva)'
2026-05-30 14:02:15 [DEBUG] navegacion - Checkbox 'escuela_nueva' marcado
2026-05-30 14:02:15 [INFO] navegacion - Presionando 'Imprimir'
2026-05-30 14:02:16 [INFO] navegacion - PDF interceptado vía route: https://www.webcolegios.com/listas_estudiantes_uso_general4.php
2026-05-30 14:02:23 [INFO] navegacion - PDF guardado exitosamente en D:\Cambrigue\NewCambrige-backend\app\modules\importacion\scraper\..\downloads\impresion.pdf
2026-05-30 14:02:23 [INFO] navegacion - Nueva pestaña: :
2026-05-30 14:02:23 [INFO] extraccion - Extrayendo estudiantes desde HTML...
2026-05-30 14:02:23 [WARNING] extraccion - No se encontraron registros en el HTML
2026-05-30 14:02:23 [INFO] extraccion - Extrayendo estudiantes desde HTML...
2026-05-30 14:02:23 [WARNING] extraccion - No se encontraron registros en el HTML
2026-05-30 14:02:23 [INFO] extraccion - Extrayendo estudiantes desde HTML...
2026-05-30 14:02:23 [WARNING] extraccion - No se encontraron registros en el HTML
2026-05-30 14:02:23 [INFO] extraccion - Esperando PDF en: D:\Cambrigue\NewCambrige-backend\app\modules\importacion\scraper\..\downloads
2026-05-30 14:02:23 [INFO] extraccion - PDF listo: D:\Cambrigue\NewCambrige-backend\app\modules\importacion\scraper\..\downloads\impresion.pdf
2026-05-30 14:02:23 [INFO] extraccion - Leyendo PDF: D:\Cambrigue\NewCambrige-backend\app\modules\importacion\scraper\..\downloads\impresion.pdf
2026-05-30 14:02:24 [INFO] extraccion - 339 registros extraídos del PDF
2026-05-30 14:02:25 [INFO] autenticacion - Abriendo: https://www.webcolegios.com/clararincon/
2026-05-30 14:02:27 [DEBUG] autenticacion - Usuario ingresado: 60267973
2026-05-30 14:02:27 [DEBUG] autenticacion - Contraseña ingresada
2026-05-30 14:02:27 [DEBUG] autenticacion - Tipo de usuario seleccionado: Administrativo
2026-05-30 14:02:27 [INFO] autenticacion - Captcha detectado: '6 + 5 ='
2026-05-30 14:02:27 [DEBUG] autenticacion - Captcha resuelto: 6 + 5 = = 11
2026-05-30 14:02:27 [DEBUG] autenticacion - Respuesta captcha ingresada: 11
2026-05-30 14:02:28 [INFO] autenticacion - Botón 'Acceder' presionado
2026-05-30 14:02:28 [INFO] autenticacion - Esperando modal de bienvenida...
2026-05-30 14:02:48 [WARNING] autenticacion - Modal no detectado
2026-05-30 14:02:50 [INFO] autenticacion - Autenticación exitosa — dashboard cargado
2026-05-30 14:02:50 [INFO] navegacion - ==================================================
2026-05-30 14:02:50 [INFO] navegacion - FASE A — Descarga de PDFs de titulares por grado
2026-05-30 14:02:50 [INFO] navegacion - ==================================================
2026-05-30 14:02:50 [INFO] navegacion - Navegando a: https://www.webcolegios.com/admin_lista_uso_general.php
2026-05-30 14:02:53 [INFO] navegacion - Marcando 'No incluir retirados ni desertores'
2026-05-30 14:02:53 [INFO] navegacion - 'No incluir retirados ni desertores' marcado
2026-05-30 14:02:53 [INFO] navegacion - ▶  Presionando 'Siguiente'
2026-05-30 14:02:56 [INFO] navegacion - Buscando PDFs individuales por grado en Página 2...
2026-05-30 14:02:58 [INFO] navegacion - Selector 'input[type='image'][src*='print_p']': 15 enlace(s) encontrado(s)
2026-05-30 14:02:58 [INFO] navegacion - Selector 'a:has-text('PDF')': 1 enlace(s) encontrado(s)
2026-05-30 14:02:58 [INFO] navegacion - Total de posibles enlaces PDF visibles encontrados: 15
2026-05-30 14:02:58 [INFO] navegacion - Intentando descargar PDF 1/15...
2026-05-30 14:02:58 [INFO] navegacion - Guardado: titulares_grado_0.pdf
2026-05-30 14:02:59 [INFO] navegacion - Intentando descargar PDF 2/15...
2026-05-30 14:02:59 [INFO] navegacion - Guardado: titulares_grado_1.pdf
2026-05-30 14:03:00 [INFO] navegacion - Intentando descargar PDF 3/15...
2026-05-30 14:03:00 [INFO] navegacion - Guardado: titulares_grado_2.pdf
2026-05-30 14:03:01 [INFO] navegacion - Intentando descargar PDF 4/15...
2026-05-30 14:03:01 [INFO] navegacion - Guardado: titulares_grado_3.pdf
2026-05-30 14:03:02 [INFO] navegacion - Intentando descargar PDF 5/15...
2026-05-30 14:03:02 [INFO] navegacion - Guardado: titulares_grado_4.pdf
2026-05-30 14:03:02 [INFO] navegacion - Intentando descargar PDF 6/15...
2026-05-30 14:03:03 [INFO] navegacion - Guardado: titulares_grado_5.pdf
2026-05-30 14:03:03 [INFO] navegacion - Intentando descargar PDF 7/15...
2026-05-30 14:03:04 [INFO] navegacion - Guardado: titulares_grado_6.pdf
2026-05-30 14:03:04 [INFO] navegacion - Intentando descargar PDF 8/15...
2026-05-30 14:03:05 [INFO] navegacion - Guardado: titulares_grado_7.pdf
2026-05-30 14:03:05 [INFO] navegacion - Intentando descargar PDF 9/15...
2026-05-30 14:03:06 [INFO] navegacion - Guardado: titulares_grado_8.pdf
2026-05-30 14:03:06 [INFO] navegacion - Intentando descargar PDF 10/15...
2026-05-30 14:03:07 [INFO] navegacion - Guardado: titulares_grado_9.pdf
2026-05-30 14:03:07 [INFO] navegacion - Intentando descargar PDF 11/15...
2026-05-30 14:03:08 [INFO] navegacion - Guardado: titulares_grado_10.pdf
2026-05-30 14:03:09 [INFO] navegacion - Intentando descargar PDF 12/15...
2026-05-30 14:03:10 [INFO] navegacion - Guardado: titulares_grado_11.pdf
2026-05-30 14:03:10 [INFO] navegacion - Intentando descargar PDF 13/15...
2026-05-30 14:03:11 [INFO] navegacion - Guardado: titulares_grado_12.pdf
2026-05-30 14:03:12 [INFO] navegacion - Intentando descargar PDF 14/15...
2026-05-30 14:03:12 [INFO] navegacion - Guardado: titulares_grado_13.pdf
2026-05-30 14:03:13 [INFO] navegacion - Intentando descargar PDF 15/15...
2026-05-30 14:03:13 [INFO] navegacion - Guardado: titulares_grado_14.pdf
2026-05-30 14:03:14 [INFO] navegacion - Total PDFs descargados: 15
2026-05-30 14:03:14 [INFO] extraccion - ‍ Titular: RODRIGUEZ GALVIZ ANGELA MARIA → Grado: Transición / Curso: A [titulares_grado_0.pdf]
2026-05-30 14:03:14 [INFO] extraccion - ‍ Titular: VARGAS MONCADA ERLY MARIA → Grado: Primero / Curso: A [titulares_grado_1.pdf]
2026-05-30 14:03:14 [INFO] extraccion - ‍ Titular: RANGEL GARCIA JOHANA PATRICIA → Grado: Segundo / Curso: A [titulares_grado_2.pdf]
2026-05-30 14:03:14 [INFO] extraccion - ‍ Titular: SUAREZ ACEVEDO PAOLA ESPERANZA → Grado: Tercero / Curso: A [titulares_grado_3.pdf]
2026-05-30 14:03:14 [INFO] extraccion - ‍ Titular: SANDOVAL COTE ROSAHYRA MILENA → Grado: Cuarto / Curso: A [titulares_grado_4.pdf]
2026-05-30 14:03:14 [INFO] extraccion - ‍ Titular: TARAZONA FERNANDEZ VIANNEY ROCIO → Grado: Quinto / Curso: A [titulares_grado_5.pdf]
2026-05-30 14:03:15 [INFO] extraccion - ‍ Titular: BARBOSA RIOBO NIMSSY MAGDIEL → Grado: Sexto / Curso: A [titulares_grado_6.pdf]
2026-05-30 14:03:15 [INFO] extraccion - ‍ Titular: PAEZ JAUREGUI LEONARDO → Grado: Séptimo / Curso: A [titulares_grado_7.pdf]
2026-05-30 14:03:15 [INFO] extraccion - ‍ Titular: GELVEZ DE MONTAÑEZ MAGALLY MAGALLY → Grado: Octavo / Curso: A [titulares_grado_8.pdf]
2026-05-30 14:03:15 [INFO] extraccion - ‍ Titular: RAMIREZ GARCIA JAMES JOSE → Grado: Noveno / Curso: A [titulares_grado_9.pdf]
2026-05-30 14:03:15 [INFO] extraccion - ‍ Titular: PINILLOS JULIAN DAVID → Grado: Décimo / Curso: A [titulares_grado_10.pdf]
2026-05-30 14:03:15 [INFO] extraccion - ‍ Titular: BUSTOS MELO LEIDY LORENA → Grado: Once / Curso: A [titulares_grado_11.pdf]
2026-05-30 14:03:15 [INFO] extraccion - ‍ Titular: VILLAMIZAR FERNANDEZ MILENA DEL PILAR → Grado: Jardín / Curso: A [titulares_grado_12.pdf]
2026-05-30 14:03:15 [INFO] extraccion - ‍ Titular: MONTAÑEZ CARRILLO GLENDA CARRILLO → Grado: Parvulos / Curso: A [titulares_grado_13.pdf]
2026-05-30 14:03:15 [INFO] extraccion - ‍ Titular: GARCIA MEJIA YULIETH ANDREA → Grado: Prejardín / Curso: A [titulares_grado_14.pdf]
2026-05-30 14:03:15 [INFO] extraccion - Total titulares extraídos: 15
2026-05-30 14:03:15 [INFO] autenticacion - Abriendo: https://www.webcolegios.com/clararincon/
2026-05-30 14:03:17 [DEBUG] autenticacion - Usuario ingresado: 60267973
2026-05-30 14:03:17 [DEBUG] autenticacion - Contraseña ingresada
2026-05-30 14:03:17 [DEBUG] autenticacion - Tipo de usuario seleccionado: Administrativo
2026-05-30 14:03:17 [INFO] autenticacion - Captcha detectado: '2 + 6 ='
2026-05-30 14:03:17 [DEBUG] autenticacion - Captcha resuelto: 2 + 6 = = 8
2026-05-30 14:03:17 [DEBUG] autenticacion - Respuesta captcha ingresada: 8
2026-05-30 14:03:17 [INFO] autenticacion - Botón 'Acceder' presionado
2026-05-30 14:03:17 [INFO] autenticacion - Esperando modal de bienvenida...
2026-05-30 14:03:37 [WARNING] autenticacion - Modal no detectado
2026-05-30 14:03:39 [INFO] autenticacion - Autenticación exitosa — dashboard cargado
2026-05-30 14:03:39 [INFO] navegacion - ==================================================
2026-05-30 14:03:39 [INFO] navegacion - FASE B — Descarga del PDF del listado de docentes
2026-05-30 14:03:39 [INFO] navegacion - ==================================================
2026-05-30 14:03:39 [INFO] navegacion - Navegando a: https://www.webcolegios.com/admin_lista_uso_general.php
2026-05-30 14:03:42 [INFO] navegacion - Seleccionando tomar datos de: 'Docentes'
2026-05-30 14:03:42 [INFO] navegacion - Radio 'Docentes' seleccionado (estrategia label>radio)
2026-05-30 14:03:43 [INFO] navegacion - ▶  Presionando 'Siguiente'
2026-05-30 14:03:46 [INFO] navegacion - Descargando PDF del listado de docentes...
2026-05-30 14:03:47 [INFO] navegacion - PDF de docentes guardado: D:\Cambrigue\NewCambrige-backend\app\modules\importacion\scraper\..\downloads\docentes_listado.pdf
2026-05-30 14:03:47 [INFO] extraccion - PDF 'docentes_listado.pdf' encontrado, extrayendo desde PDF...
2026-05-30 14:03:47 [INFO] extraccion - Leyendo PDF: D:\Cambrigue\NewCambrige-backend\app\modules\importacion\scraper\..\downloads\docentes_listado.pdf
2026-05-30 14:03:47 [INFO] extraccion - 31 registros extraídos del PDF
2026-05-30 19:16:12 [INFO] driver_setup - Configurando Playwright Chromium...
2026-05-30 19:16:13 [INFO] driver_setup - Playwright Chromium iniciado correctamente
2026-05-30 19:16:13 [INFO] autenticacion - Abriendo: https://www.webcolegios.com/clararincon/
2026-05-30 19:16:19 [DEBUG] autenticacion - Usuario ingresado: 60267973
2026-05-30 19:16:19 [DEBUG] autenticacion - Contraseña ingresada
2026-05-30 19:16:19 [DEBUG] autenticacion - Tipo de usuario seleccionado: Administrativo
2026-05-30 19:16:19 [INFO] autenticacion - Captcha detectado: '6 + 2 ='
2026-05-30 19:16:19 [DEBUG] autenticacion - Captcha resuelto: 6 + 2 = = 8
2026-05-30 19:16:19 [DEBUG] autenticacion - Respuesta captcha ingresada: 8
2026-05-30 19:16:19 [INFO] autenticacion - Botón 'Acceder' presionado
2026-05-30 19:16:19 [INFO] autenticacion - Esperando modal de bienvenida...
2026-05-30 19:16:40 [WARNING] autenticacion - Modal no detectado
2026-05-30 19:16:42 [INFO] autenticacion - Autenticación exitosa — dashboard cargado
2026-05-30 19:16:42 [INFO] navegacion - Navegando a: https://www.webcolegios.com/admin_lista_uso_general.php
2026-05-30 19:16:45 [INFO] navegacion - Seleccionando tomar datos de: 'Estudiantes'
2026-05-30 19:16:45 [INFO] navegacion - Radio 'Estudiantes' seleccionado (estrategia label>radio)
2026-05-30 19:16:45 [INFO] navegacion - Marcando 'No incluir retirados ni desertores'
2026-05-30 19:16:45 [INFO] navegacion - 'No incluir retirados ni desertores' marcado
2026-05-30 19:16:45 [INFO] navegacion - ▶  Presionando 'Siguiente'
2026-05-30 19:16:48 [INFO] navegacion - Marcando 'Imprimir todos los alumnos (tipo escuela nueva)'
2026-05-30 19:16:49 [DEBUG] navegacion - Checkbox 'escuela_nueva' marcado
2026-05-30 19:16:49 [INFO] navegacion - Presionando 'Imprimir'
2026-05-30 19:16:50 [INFO] navegacion - PDF interceptado vía route: https://www.webcolegios.com/listas_estudiantes_uso_general4.php
2026-05-30 19:16:57 [INFO] navegacion - PDF guardado exitosamente en d:\Cambrigue\NewCambrige-backend\app\modules\importacion\scraper\..\downloads\impresion.pdf
2026-05-30 19:16:57 [INFO] navegacion - Nueva pestaña: :
2026-05-30 19:16:57 [INFO] extraccion - Extrayendo estudiantes desde HTML...
2026-05-30 19:16:57 [WARNING] extraccion - No se encontraron registros en el HTML
2026-05-30 19:16:57 [INFO] extraccion - Extrayendo estudiantes desde HTML...
2026-05-30 19:16:57 [WARNING] extraccion - No se encontraron registros en el HTML
2026-05-30 19:16:57 [INFO] extraccion - Extrayendo estudiantes desde HTML...
2026-05-30 19:16:57 [WARNING] extraccion - No se encontraron registros en el HTML
2026-05-30 19:16:57 [INFO] extraccion - Esperando PDF en: d:\Cambrigue\NewCambrige-backend\app\modules\importacion\scraper\..\downloads
2026-05-30 19:16:57 [INFO] extraccion - PDF listo: d:\Cambrigue\NewCambrige-backend\app\modules\importacion\scraper\..\downloads\impresion.pdf
2026-05-30 19:16:57 [INFO] extraccion - Leyendo PDF: d:\Cambrigue\NewCambrige-backend\app\modules\importacion\scraper\..\downloads\impresion.pdf
2026-05-30 19:16:58 [INFO] extraccion - 339 registros extraídos del PDF
2026-05-30 19:17:12 [INFO] driver_setup - Configurando Playwright Chromium...
2026-05-30 19:17:12 [INFO] driver_setup - Playwright Chromium iniciado correctamente
2026-05-30 19:17:12 [INFO] autenticacion - Abriendo: https://www.webcolegios.com/clararincon/
2026-05-30 19:17:15 [DEBUG] autenticacion - Usuario ingresado: 60267973
2026-05-30 19:17:15 [DEBUG] autenticacion - Contraseña ingresada
2026-05-30 19:17:15 [DEBUG] autenticacion - Tipo de usuario seleccionado: Administrativo
2026-05-30 19:17:15 [INFO] autenticacion - Captcha detectado: '4 + 3 ='
2026-05-30 19:17:15 [DEBUG] autenticacion - Captcha resuelto: 4 + 3 = = 7
2026-05-30 19:17:15 [DEBUG] autenticacion - Respuesta captcha ingresada: 7
2026-05-30 19:17:15 [INFO] autenticacion - Botón 'Acceder' presionado
2026-05-30 19:17:15 [INFO] autenticacion - Esperando modal de bienvenida...
2026-05-30 19:17:35 [WARNING] autenticacion - Modal no detectado
2026-05-30 19:17:37 [INFO] autenticacion - Autenticación exitosa — dashboard cargado
2026-05-30 19:17:37 [INFO] navegacion - ==================================================
2026-05-30 19:17:37 [INFO] navegacion - FASE A — Descarga de PDFs de titulares por grado
2026-05-30 19:17:37 [INFO] navegacion - ==================================================
2026-05-30 19:17:37 [INFO] navegacion - Navegando a: https://www.webcolegios.com/admin_lista_uso_general.php
2026-05-30 19:17:40 [INFO] navegacion - Marcando 'No incluir retirados ni desertores'
2026-05-30 19:17:40 [INFO] navegacion - 'No incluir retirados ni desertores' marcado
2026-05-30 19:17:40 [INFO] navegacion - ▶  Presionando 'Siguiente'
2026-05-30 19:17:43 [INFO] navegacion - Buscando PDFs individuales por grado en Página 2...
2026-05-30 19:17:45 [INFO] navegacion - Selector 'input[type='image'][src*='print_p']': 15 enlace(s) encontrado(s)
2026-05-30 19:17:45 [INFO] navegacion - Selector 'a:has-text('PDF')': 1 enlace(s) encontrado(s)
2026-05-30 19:17:45 [INFO] navegacion - Total de posibles enlaces PDF visibles encontrados: 15
2026-05-30 19:17:45 [INFO] navegacion - Intentando descargar PDF 1/15...
2026-05-30 19:17:46 [INFO] navegacion - Guardado: titulares_grado_0.pdf
2026-05-30 19:17:46 [INFO] navegacion - Intentando descargar PDF 2/15...
2026-05-30 19:17:47 [INFO] navegacion - Guardado: titulares_grado_1.pdf
2026-05-30 19:17:47 [INFO] navegacion - Intentando descargar PDF 3/15...
2026-05-30 19:17:48 [INFO] navegacion - Guardado: titulares_grado_2.pdf
2026-05-30 19:17:48 [INFO] navegacion - Intentando descargar PDF 4/15...
2026-05-30 19:17:49 [INFO] navegacion - Guardado: titulares_grado_3.pdf
2026-05-30 19:17:49 [INFO] navegacion - Intentando descargar PDF 5/15...
2026-05-30 19:17:49 [INFO] navegacion - Guardado: titulares_grado_4.pdf
2026-05-30 19:17:50 [INFO] navegacion - Intentando descargar PDF 6/15...
2026-05-30 19:17:50 [INFO] navegacion - Guardado: titulares_grado_5.pdf
2026-05-30 19:17:51 [INFO] navegacion - Intentando descargar PDF 7/15...
2026-05-30 19:17:51 [INFO] navegacion - Guardado: titulares_grado_6.pdf
2026-05-30 19:17:52 [INFO] navegacion - Intentando descargar PDF 8/15...
2026-05-30 19:17:52 [INFO] navegacion - Guardado: titulares_grado_7.pdf
2026-05-30 19:17:52 [INFO] navegacion - Intentando descargar PDF 9/15...
2026-05-30 19:17:53 [INFO] navegacion - Guardado: titulares_grado_8.pdf
2026-05-30 19:17:54 [INFO] navegacion - Intentando descargar PDF 10/15...
2026-05-30 19:17:54 [INFO] navegacion - Guardado: titulares_grado_9.pdf
2026-05-30 19:17:54 [INFO] navegacion - Intentando descargar PDF 11/15...
2026-05-30 19:17:55 [INFO] navegacion - Guardado: titulares_grado_10.pdf
2026-05-30 19:17:55 [INFO] navegacion - Intentando descargar PDF 12/15...
2026-05-30 19:17:56 [INFO] navegacion - Guardado: titulares_grado_11.pdf
2026-05-30 19:17:56 [INFO] navegacion - Intentando descargar PDF 13/15...
2026-05-30 19:17:57 [INFO] navegacion - Guardado: titulares_grado_12.pdf
2026-05-30 19:17:57 [INFO] navegacion - Intentando descargar PDF 14/15...
2026-05-30 19:17:58 [INFO] navegacion - Guardado: titulares_grado_13.pdf
2026-05-30 19:17:58 [INFO] navegacion - Intentando descargar PDF 15/15...
2026-05-30 19:17:58 [INFO] navegacion - Guardado: titulares_grado_14.pdf
2026-05-30 19:17:59 [INFO] navegacion - Total PDFs descargados: 15
2026-05-30 19:17:59 [INFO] extraccion - ‍ Titular: RODRIGUEZ GALVIZ ANGELA MARIA → Grado: Transición / Curso: A [titulares_grado_0.pdf]
2026-05-30 19:17:59 [INFO] extraccion - ‍ Titular: VARGAS MONCADA ERLY MARIA → Grado: Primero / Curso: A [titulares_grado_1.pdf]
2026-05-30 19:17:59 [INFO] extraccion - ‍ Titular: RANGEL GARCIA JOHANA PATRICIA → Grado: Segundo / Curso: A [titulares_grado_2.pdf]
2026-05-30 19:17:59 [INFO] extraccion - ‍ Titular: SUAREZ ACEVEDO PAOLA ESPERANZA → Grado: Tercero / Curso: A [titulares_grado_3.pdf]
2026-05-30 19:17:59 [INFO] extraccion - ‍ Titular: SANDOVAL COTE ROSAHYRA MILENA → Grado: Cuarto / Curso: A [titulares_grado_4.pdf]
2026-05-30 19:17:59 [INFO] extraccion - ‍ Titular: TARAZONA FERNANDEZ VIANNEY ROCIO → Grado: Quinto / Curso: A [titulares_grado_5.pdf]
2026-05-30 19:18:00 [INFO] extraccion - ‍ Titular: BARBOSA RIOBO NIMSSY MAGDIEL → Grado: Sexto / Curso: A [titulares_grado_6.pdf]
2026-05-30 19:18:00 [INFO] extraccion - ‍ Titular: PAEZ JAUREGUI LEONARDO → Grado: Séptimo / Curso: A [titulares_grado_7.pdf]
2026-05-30 19:18:00 [INFO] extraccion - ‍ Titular: GELVEZ DE MONTAÑEZ MAGALLY MAGALLY → Grado: Octavo / Curso: A [titulares_grado_8.pdf]
2026-05-30 19:18:00 [INFO] extraccion - ‍ Titular: RAMIREZ GARCIA JAMES JOSE → Grado: Noveno / Curso: A [titulares_grado_9.pdf]
2026-05-30 19:18:00 [INFO] extraccion - ‍ Titular: PINILLOS JULIAN DAVID → Grado: Décimo / Curso: A [titulares_grado_10.pdf]
2026-05-30 19:18:00 [INFO] extraccion - ‍ Titular: BUSTOS MELO LEIDY LORENA → Grado: Once / Curso: A [titulares_grado_11.pdf]
2026-05-30 19:18:00 [INFO] extraccion - ‍ Titular: VILLAMIZAR FERNANDEZ MILENA DEL PILAR → Grado: Jardín / Curso: A [titulares_grado_12.pdf]
2026-05-30 19:18:00 [INFO] extraccion - ‍ Titular: MONTAÑEZ CARRILLO GLENDA CARRILLO → Grado: Parvulos / Curso: A [titulares_grado_13.pdf]
2026-05-30 19:18:00 [INFO] extraccion - ‍ Titular: GARCIA MEJIA YULIETH ANDREA → Grado: Prejardín / Curso: A [titulares_grado_14.pdf]
2026-05-30 19:18:00 [INFO] extraccion - Total titulares extraídos: 15
2026-05-30 19:18:00 [INFO] autenticacion - Abriendo: https://www.webcolegios.com/clararincon/
2026-05-30 19:18:02 [DEBUG] autenticacion - Usuario ingresado: 60267973
2026-05-30 19:18:02 [DEBUG] autenticacion - Contraseña ingresada
2026-05-30 19:18:02 [DEBUG] autenticacion - Tipo de usuario seleccionado: Administrativo
2026-05-30 19:18:03 [INFO] autenticacion - Captcha detectado: '5 + 8 ='
2026-05-30 19:18:03 [DEBUG] autenticacion - Captcha resuelto: 5 + 8 = = 13
2026-05-30 19:18:03 [DEBUG] autenticacion - Respuesta captcha ingresada: 13
2026-05-30 19:18:03 [INFO] autenticacion - Botón 'Acceder' presionado
2026-05-30 19:18:03 [INFO] autenticacion - Esperando modal de bienvenida...
2026-05-30 19:18:23 [WARNING] autenticacion - Modal no detectado
2026-05-30 19:18:25 [INFO] autenticacion - Autenticación exitosa — dashboard cargado
2026-05-30 19:18:25 [INFO] navegacion - ==================================================
2026-05-30 19:18:25 [INFO] navegacion - FASE B — Descarga del PDF del listado de docentes
2026-05-30 19:18:25 [INFO] navegacion - ==================================================
2026-05-30 19:18:25 [INFO] navegacion - Navegando a: https://www.webcolegios.com/admin_lista_uso_general.php
2026-05-30 19:18:28 [INFO] navegacion - Seleccionando tomar datos de: 'Docentes'
2026-05-30 19:18:28 [INFO] navegacion - Radio 'Docentes' seleccionado (estrategia label>radio)
2026-05-30 19:18:29 [INFO] navegacion - ▶  Presionando 'Siguiente'
2026-05-30 19:18:32 [INFO] navegacion - Descargando PDF del listado de docentes...
2026-05-30 19:18:32 [INFO] navegacion - PDF de docentes guardado: d:\Cambrigue\NewCambrige-backend\app\modules\importacion\scraper\..\downloads\docentes_listado.pdf
2026-05-30 19:18:32 [INFO] extraccion - PDF 'docentes_listado.pdf' encontrado, extrayendo desde PDF...
2026-05-30 19:18:32 [INFO] extraccion - Leyendo PDF: d:\Cambrigue\NewCambrige-backend\app\modules\importacion\scraper\..\downloads\docentes_listado.pdf
2026-05-30 19:18:32 [INFO] extraccion - 31 registros extraídos del PDF
2026-05-30 19:18:46 [INFO] driver_setup - Configurando Playwright Chromium...
2026-05-30 19:18:46 [INFO] driver_setup - Playwright Chromium iniciado correctamente
2026-05-30 19:18:46 [INFO] autenticacion - Abriendo: https://www.webcolegios.com/clararincon/
2026-05-30 19:18:49 [DEBUG] autenticacion - Usuario ingresado: 60267973
2026-05-30 19:18:49 [DEBUG] autenticacion - Contraseña ingresada
2026-05-30 19:18:49 [DEBUG] autenticacion - Tipo de usuario seleccionado: Administrativo
2026-05-30 19:18:49 [INFO] autenticacion - Captcha detectado: '2 + 8 ='
2026-05-30 19:18:49 [DEBUG] autenticacion - Captcha resuelto: 2 + 8 = = 10
2026-05-30 19:18:49 [DEBUG] autenticacion - Respuesta captcha ingresada: 10
2026-05-30 19:18:49 [INFO] autenticacion - Botón 'Acceder' presionado
2026-05-30 19:18:49 [INFO] autenticacion - Esperando modal de bienvenida...
2026-05-30 19:19:10 [WARNING] autenticacion - Modal no detectado
2026-05-30 19:19:12 [INFO] autenticacion - Autenticación exitosa — dashboard cargado
2026-05-30 19:19:12 [INFO] navegacion - Navegando a: https://www.webcolegios.com/admin_lista_uso_general.php
2026-05-30 19:19:15 [INFO] navegacion - Seleccionando tomar datos de: 'Estudiantes'
2026-05-30 19:19:15 [INFO] navegacion - Radio 'Estudiantes' seleccionado (estrategia label>radio)
2026-05-30 19:19:15 [INFO] navegacion - Marcando 'No incluir retirados ni desertores'
2026-05-30 19:19:15 [INFO] navegacion - 'No incluir retirados ni desertores' marcado
2026-05-30 19:19:15 [INFO] navegacion - ▶  Presionando 'Siguiente'
2026-05-30 19:19:18 [INFO] navegacion - Marcando 'Imprimir todos los alumnos (tipo escuela nueva)'
2026-05-30 19:19:18 [DEBUG] navegacion - Checkbox 'escuela_nueva' marcado
2026-05-30 19:19:18 [INFO] navegacion - Presionando 'Imprimir'
2026-05-30 19:19:19 [INFO] navegacion - PDF interceptado vía route: https://www.webcolegios.com/listas_estudiantes_uso_general4.php
2026-05-30 19:19:26 [INFO] navegacion - PDF guardado exitosamente en d:\Cambrigue\NewCambrige-backend\app\modules\importacion\scraper\..\downloads\impresion.pdf
2026-05-30 19:19:26 [INFO] navegacion - Nueva pestaña: :
2026-05-30 19:19:26 [INFO] extraccion - Extrayendo estudiantes desde HTML...
2026-05-30 19:19:26 [WARNING] extraccion - No se encontraron registros en el HTML
2026-05-30 19:19:26 [INFO] extraccion - Extrayendo estudiantes desde HTML...
2026-05-30 19:19:26 [WARNING] extraccion - No se encontraron registros en el HTML
2026-05-30 19:19:26 [INFO] extraccion - Extrayendo estudiantes desde HTML...
2026-05-30 19:19:26 [WARNING] extraccion - No se encontraron registros en el HTML
2026-05-30 19:19:26 [INFO] extraccion - Esperando PDF en: d:\Cambrigue\NewCambrige-backend\app\modules\importacion\scraper\..\downloads
2026-05-30 19:19:26 [INFO] extraccion - PDF listo: d:\Cambrigue\NewCambrige-backend\app\modules\importacion\scraper\..\downloads\impresion.pdf
2026-05-30 19:19:26 [INFO] extraccion - Leyendo PDF: d:\Cambrigue\NewCambrige-backend\app\modules\importacion\scraper\..\downloads\impresion.pdf
2026-05-30 19:19:27 [INFO] extraccion - 339 registros extraídos del PDF
2026-05-30 19:19:28 [INFO] autenticacion - Abriendo: https://www.webcolegios.com/clararincon/
2026-05-30 19:19:30 [DEBUG] autenticacion - Usuario ingresado: 60267973
2026-05-30 19:19:30 [DEBUG] autenticacion - Contraseña ingresada
2026-05-30 19:19:30 [DEBUG] autenticacion - Tipo de usuario seleccionado: Administrativo
2026-05-30 19:19:30 [INFO] autenticacion - Captcha detectado: '7 + 5 ='
2026-05-30 19:19:30 [DEBUG] autenticacion - Captcha resuelto: 7 + 5 = = 12
2026-05-30 19:19:30 [DEBUG] autenticacion - Respuesta captcha ingresada: 12
2026-05-30 19:19:30 [INFO] autenticacion - Botón 'Acceder' presionado
2026-05-30 19:19:30 [INFO] autenticacion - Esperando modal de bienvenida...
2026-05-30 19:19:50 [WARNING] autenticacion - Modal no detectado
2026-05-30 19:19:52 [INFO] autenticacion - Autenticación exitosa — dashboard cargado
2026-05-30 19:19:52 [INFO] navegacion - ==================================================
2026-05-30 19:19:52 [INFO] navegacion - FASE A — Descarga de PDFs de titulares por grado
2026-05-30 19:19:52 [INFO] navegacion - ==================================================
2026-05-30 19:19:52 [INFO] navegacion - Navegando a: https://www.webcolegios.com/admin_lista_uso_general.php
2026-05-30 19:19:55 [INFO] navegacion - Marcando 'No incluir retirados ni desertores'
2026-05-30 19:19:55 [INFO] navegacion - 'No incluir retirados ni desertores' marcado
2026-05-30 19:19:55 [INFO] navegacion - ▶  Presionando 'Siguiente'
2026-05-30 19:19:58 [INFO] navegacion - Buscando PDFs individuales por grado en Página 2...
2026-05-30 19:20:00 [INFO] navegacion - Selector 'input[type='image'][src*='print_p']': 15 enlace(s) encontrado(s)
2026-05-30 19:20:01 [INFO] navegacion - Selector 'a:has-text('PDF')': 1 enlace(s) encontrado(s)
2026-05-30 19:20:01 [INFO] navegacion - Total de posibles enlaces PDF visibles encontrados: 15
2026-05-30 19:20:01 [INFO] navegacion - Intentando descargar PDF 1/15...
2026-05-30 19:20:01 [INFO] navegacion - Guardado: titulares_grado_0.pdf
2026-05-30 19:20:02 [INFO] navegacion - Intentando descargar PDF 2/15...
2026-05-30 19:20:02 [INFO] navegacion - Guardado: titulares_grado_1.pdf
2026-05-30 19:20:02 [INFO] navegacion - Intentando descargar PDF 3/15...
2026-05-30 19:20:03 [INFO] navegacion - Guardado: titulares_grado_2.pdf
2026-05-30 19:20:03 [INFO] navegacion - Intentando descargar PDF 4/15...
2026-05-30 19:20:04 [INFO] navegacion - Guardado: titulares_grado_3.pdf
2026-05-30 19:20:04 [INFO] navegacion - Intentando descargar PDF 5/15...
2026-05-30 19:20:04 [INFO] navegacion - Guardado: titulares_grado_4.pdf
2026-05-30 19:20:05 [INFO] navegacion - Intentando descargar PDF 6/15...
2026-05-30 19:20:05 [INFO] navegacion - Guardado: titulares_grado_5.pdf
2026-05-30 19:20:06 [INFO] navegacion - Intentando descargar PDF 7/15...
2026-05-30 19:20:06 [INFO] navegacion - Guardado: titulares_grado_6.pdf
2026-05-30 19:20:07 [INFO] navegacion - Intentando descargar PDF 8/15...
2026-05-30 19:20:07 [INFO] navegacion - Guardado: titulares_grado_7.pdf
2026-05-30 19:20:08 [INFO] navegacion - Intentando descargar PDF 9/15...
2026-05-30 19:20:08 [INFO] navegacion - Guardado: titulares_grado_8.pdf
2026-05-30 19:20:08 [INFO] navegacion - Intentando descargar PDF 10/15...
2026-05-30 19:20:09 [INFO] navegacion - Guardado: titulares_grado_9.pdf
2026-05-30 19:20:09 [INFO] navegacion - Intentando descargar PDF 11/15...
2026-05-30 19:20:10 [INFO] navegacion - Guardado: titulares_grado_10.pdf
2026-05-30 19:20:10 [INFO] navegacion - Intentando descargar PDF 12/15...
2026-05-30 19:20:11 [INFO] navegacion - Guardado: titulares_grado_11.pdf
2026-05-30 19:20:11 [INFO] navegacion - Intentando descargar PDF 13/15...
2026-05-30 19:20:11 [INFO] navegacion - Guardado: titulares_grado_12.pdf
2026-05-30 19:20:12 [INFO] navegacion - Intentando descargar PDF 14/15...
2026-05-30 19:20:12 [INFO] navegacion - Guardado: titulares_grado_13.pdf
2026-05-30 19:20:13 [INFO] navegacion - Intentando descargar PDF 15/15...
2026-05-30 19:20:13 [INFO] navegacion - Guardado: titulares_grado_14.pdf
2026-05-30 19:20:14 [INFO] navegacion - Total PDFs descargados: 15
2026-05-30 19:20:14 [INFO] extraccion - ‍ Titular: RODRIGUEZ GALVIZ ANGELA MARIA → Grado: Transición / Curso: A [titulares_grado_0.pdf]
2026-05-30 19:20:14 [INFO] extraccion - ‍ Titular: VARGAS MONCADA ERLY MARIA → Grado: Primero / Curso: A [titulares_grado_1.pdf]
2026-05-30 19:20:14 [INFO] extraccion - ‍ Titular: RANGEL GARCIA JOHANA PATRICIA → Grado: Segundo / Curso: A [titulares_grado_2.pdf]
2026-05-30 19:20:14 [INFO] extraccion - ‍ Titular: SUAREZ ACEVEDO PAOLA ESPERANZA → Grado: Tercero / Curso: A [titulares_grado_3.pdf]
2026-05-30 19:20:14 [INFO] extraccion - ‍ Titular: SANDOVAL COTE ROSAHYRA MILENA → Grado: Cuarto / Curso: A [titulares_grado_4.pdf]
2026-05-30 19:20:14 [INFO] extraccion - ‍ Titular: TARAZONA FERNANDEZ VIANNEY ROCIO → Grado: Quinto / Curso: A [titulares_grado_5.pdf]
2026-05-30 19:20:14 [INFO] extraccion - ‍ Titular: BARBOSA RIOBO NIMSSY MAGDIEL → Grado: Sexto / Curso: A [titulares_grado_6.pdf]
2026-05-30 19:20:14 [INFO] extraccion - ‍ Titular: PAEZ JAUREGUI LEONARDO → Grado: Séptimo / Curso: A [titulares_grado_7.pdf]
2026-05-30 19:20:15 [INFO] extraccion - ‍ Titular: GELVEZ DE MONTAÑEZ MAGALLY MAGALLY → Grado: Octavo / Curso: A [titulares_grado_8.pdf]
2026-05-30 19:20:15 [INFO] extraccion - ‍ Titular: RAMIREZ GARCIA JAMES JOSE → Grado: Noveno / Curso: A [titulares_grado_9.pdf]
2026-05-30 19:20:15 [INFO] extraccion - ‍ Titular: PINILLOS JULIAN DAVID → Grado: Décimo / Curso: A [titulares_grado_10.pdf]
2026-05-30 19:20:15 [INFO] extraccion - ‍ Titular: BUSTOS MELO LEIDY LORENA → Grado: Once / Curso: A [titulares_grado_11.pdf]
2026-05-30 19:20:15 [INFO] extraccion - ‍ Titular: VILLAMIZAR FERNANDEZ MILENA DEL PILAR → Grado: Jardín / Curso: A [titulares_grado_12.pdf]
2026-05-30 19:20:15 [INFO] extraccion - ‍ Titular: MONTAÑEZ CARRILLO GLENDA CARRILLO → Grado: Parvulos / Curso: A [titulares_grado_13.pdf]
2026-05-30 19:20:15 [INFO] extraccion - ‍ Titular: GARCIA MEJIA YULIETH ANDREA → Grado: Prejardín / Curso: A [titulares_grado_14.pdf]
2026-05-30 19:20:15 [INFO] extraccion - Total titulares extraídos: 15
2026-05-30 19:20:15 [INFO] autenticacion - Abriendo: https://www.webcolegios.com/clararincon/
2026-05-30 19:20:17 [DEBUG] autenticacion - Usuario ingresado: 60267973
2026-05-30 19:20:17 [DEBUG] autenticacion - Contraseña ingresada
2026-05-30 19:20:17 [DEBUG] autenticacion - Tipo de usuario seleccionado: Administrativo
2026-05-30 19:20:17 [INFO] autenticacion - Captcha detectado: '7 + 3 ='
2026-05-30 19:20:17 [DEBUG] autenticacion - Captcha resuelto: 7 + 3 = = 10
2026-05-30 19:20:17 [DEBUG] autenticacion - Respuesta captcha ingresada: 10
2026-05-30 19:20:17 [INFO] autenticacion - Botón 'Acceder' presionado
2026-05-30 19:20:17 [INFO] autenticacion - Esperando modal de bienvenida...
2026-05-30 19:20:37 [WARNING] autenticacion - Modal no detectado
2026-05-30 19:20:39 [INFO] autenticacion - Autenticación exitosa — dashboard cargado
2026-05-30 19:20:39 [INFO] navegacion - ==================================================
2026-05-30 19:20:39 [INFO] navegacion - FASE B — Descarga del PDF del listado de docentes
2026-05-30 19:20:39 [INFO] navegacion - ==================================================
2026-05-30 19:20:39 [INFO] navegacion - Navegando a: https://www.webcolegios.com/admin_lista_uso_general.php
2026-05-30 19:20:42 [INFO] navegacion - Seleccionando tomar datos de: 'Docentes'
2026-05-30 19:20:42 [INFO] navegacion - Radio 'Docentes' seleccionado (estrategia label>radio)
2026-05-30 19:20:43 [INFO] navegacion - ▶  Presionando 'Siguiente'
2026-05-30 19:20:47 [INFO] navegacion - Descargando PDF del listado de docentes...
2026-05-30 19:20:47 [INFO] navegacion - PDF de docentes guardado: d:\Cambrigue\NewCambrige-backend\app\modules\importacion\scraper\..\downloads\docentes_listado.pdf
2026-05-30 19:20:47 [INFO] extraccion - PDF 'docentes_listado.pdf' encontrado, extrayendo desde PDF...
2026-05-30 19:20:47 [INFO] extraccion - Leyendo PDF: d:\Cambrigue\NewCambrige-backend\app\modules\importacion\scraper\..\downloads\docentes_listado.pdf
2026-05-30 19:20:47 [INFO] extraccion - 31 registros extraídos del PDF
2026-05-30 19:34:01 [INFO] driver_setup - Configurando Playwright Chromium...
2026-05-30 19:34:01 [INFO] driver_setup - Playwright Chromium iniciado correctamente
2026-05-30 19:34:01 [INFO] autenticacion - Abriendo: https://www.webcolegios.com/clararincon/
2026-05-30 19:34:07 [DEBUG] autenticacion - Usuario ingresado: 60267973
2026-05-30 19:34:07 [DEBUG] autenticacion - Contraseña ingresada
2026-05-30 19:34:07 [DEBUG] autenticacion - Tipo de usuario seleccionado: Administrativo
2026-05-30 19:34:07 [INFO] autenticacion - Captcha detectado: '6 + 5 ='
2026-05-30 19:34:07 [DEBUG] autenticacion - Captcha resuelto: 6 + 5 = = 11
2026-05-30 19:34:07 [DEBUG] autenticacion - Respuesta captcha ingresada: 11
2026-05-30 19:34:07 [INFO] autenticacion - Botón 'Acceder' presionado
2026-05-30 19:34:07 [INFO] autenticacion - Esperando modal de bienvenida...
2026-05-30 19:34:27 [WARNING] autenticacion - Modal no detectado
2026-05-30 19:34:29 [INFO] autenticacion - Autenticación exitosa — dashboard cargado
2026-05-30 19:34:29 [INFO] navegacion - Navegando a: https://www.webcolegios.com/admin_lista_uso_general.php
2026-05-30 19:34:32 [INFO] navegacion - Seleccionando tomar datos de: 'Estudiantes'
2026-05-30 19:34:32 [INFO] navegacion - Radio 'Estudiantes' seleccionado (estrategia label>radio)
2026-05-30 19:34:32 [INFO] navegacion - Marcando 'No incluir retirados ni desertores'
2026-05-30 19:34:32 [INFO] navegacion - 'No incluir retirados ni desertores' marcado
2026-05-30 19:34:32 [INFO] navegacion - ▶  Presionando 'Siguiente'
2026-05-30 19:34:35 [INFO] navegacion - Marcando 'Imprimir todos los alumnos (tipo escuela nueva)'
2026-05-30 19:34:36 [DEBUG] navegacion - Checkbox 'escuela_nueva' marcado
2026-05-30 19:34:36 [INFO] navegacion - Presionando 'Imprimir'
2026-05-30 19:34:37 [INFO] navegacion - PDF interceptado vía route: https://www.webcolegios.com/listas_estudiantes_uso_general4.php
2026-05-30 19:34:44 [INFO] navegacion - PDF guardado exitosamente en D:\Cambrigue\NewCambrige-backend\app\modules\importacion\scraper\..\downloads\impresion.pdf
2026-05-30 19:34:44 [INFO] navegacion - Nueva pestaña: :
2026-05-30 19:34:44 [INFO] extraccion - Extrayendo estudiantes desde HTML...
2026-05-30 19:34:44 [WARNING] extraccion - No se encontraron registros en el HTML
2026-05-30 19:34:44 [INFO] extraccion - Extrayendo estudiantes desde HTML...
2026-05-30 19:34:44 [WARNING] extraccion - No se encontraron registros en el HTML
2026-05-30 19:34:44 [INFO] extraccion - Extrayendo estudiantes desde HTML...
2026-05-30 19:34:44 [WARNING] extraccion - No se encontraron registros en el HTML
2026-05-30 19:34:44 [INFO] extraccion - Esperando PDF en: D:\Cambrigue\NewCambrige-backend\app\modules\importacion\scraper\..\downloads
2026-05-30 19:34:44 [INFO] extraccion - PDF listo: D:\Cambrigue\NewCambrige-backend\app\modules\importacion\scraper\..\downloads\impresion.pdf
2026-05-30 19:34:44 [INFO] extraccion - Leyendo PDF: D:\Cambrigue\NewCambrige-backend\app\modules\importacion\scraper\..\downloads\impresion.pdf
2026-05-30 19:34:45 [INFO] extraccion - 339 registros extraídos del PDF
2026-05-30 19:36:09 [INFO] driver_setup - Configurando Playwright Chromium...
2026-05-30 19:36:09 [INFO] driver_setup - Playwright Chromium iniciado correctamente
2026-05-30 19:36:09 [INFO] autenticacion - Abriendo: https://www.webcolegios.com/clararincon/
2026-05-30 19:36:12 [DEBUG] autenticacion - Usuario ingresado: 60267973
2026-05-30 19:36:12 [DEBUG] autenticacion - Contraseña ingresada
2026-05-30 19:36:12 [DEBUG] autenticacion - Tipo de usuario seleccionado: Administrativo
2026-05-30 19:36:12 [INFO] autenticacion - Captcha detectado: '4 + 2 ='
2026-05-30 19:36:12 [DEBUG] autenticacion - Captcha resuelto: 4 + 2 = = 6
2026-05-30 19:36:12 [DEBUG] autenticacion - Respuesta captcha ingresada: 6
2026-05-30 19:36:12 [INFO] autenticacion - Botón 'Acceder' presionado
2026-05-30 19:36:12 [INFO] autenticacion - Esperando modal de bienvenida...
2026-05-30 19:36:33 [WARNING] autenticacion - Modal no detectado
2026-05-30 19:36:35 [INFO] autenticacion - Autenticación exitosa — dashboard cargado
2026-05-30 19:36:35 [INFO] navegacion - ==================================================
2026-05-30 19:36:35 [INFO] navegacion - FASE A — Descarga de PDFs de titulares por grado
2026-05-30 19:36:35 [INFO] navegacion - ==================================================
2026-05-30 19:36:35 [INFO] navegacion - Navegando a: https://www.webcolegios.com/admin_lista_uso_general.php
2026-05-30 19:36:37 [INFO] navegacion - Marcando 'No incluir retirados ni desertores'
2026-05-30 19:36:37 [INFO] navegacion - 'No incluir retirados ni desertores' marcado
2026-05-30 19:36:37 [INFO] navegacion - ▶  Presionando 'Siguiente'
2026-05-30 19:36:41 [INFO] navegacion - Buscando PDFs individuales por grado en Página 2...
2026-05-30 19:36:43 [INFO] navegacion - Selector 'input[type='image'][src*='print_p']': 15 enlace(s) encontrado(s)
2026-05-30 19:36:43 [INFO] navegacion - Selector 'a:has-text('PDF')': 1 enlace(s) encontrado(s)
2026-05-30 19:36:43 [INFO] navegacion - Total de posibles enlaces PDF visibles encontrados: 15
2026-05-30 19:36:43 [INFO] navegacion - Intentando descargar PDF 1/15...
2026-05-30 19:36:43 [INFO] navegacion - Guardado: titulares_grado_0.pdf
2026-05-30 19:36:44 [INFO] navegacion - Intentando descargar PDF 2/15...
2026-05-30 19:36:44 [INFO] navegacion - Guardado: titulares_grado_1.pdf
2026-05-30 19:36:45 [INFO] navegacion - Intentando descargar PDF 3/15...
2026-05-30 19:36:45 [INFO] navegacion - Guardado: titulares_grado_2.pdf
2026-05-30 19:36:45 [INFO] navegacion - Intentando descargar PDF 4/15...
2026-05-30 19:36:46 [INFO] navegacion - Guardado: titulares_grado_3.pdf
2026-05-30 19:36:46 [INFO] navegacion - Intentando descargar PDF 5/15...
2026-05-30 19:36:47 [INFO] navegacion - Guardado: titulares_grado_4.pdf
2026-05-30 19:36:47 [INFO] navegacion - Intentando descargar PDF 6/15...
2026-05-30 19:36:47 [INFO] navegacion - Guardado: titulares_grado_5.pdf
2026-05-30 19:36:48 [INFO] navegacion - Intentando descargar PDF 7/15...
2026-05-30 19:36:48 [INFO] navegacion - Guardado: titulares_grado_6.pdf
2026-05-30 19:36:49 [INFO] navegacion - Intentando descargar PDF 8/15...
2026-05-30 19:36:49 [INFO] navegacion - Guardado: titulares_grado_7.pdf
2026-05-30 19:36:50 [INFO] navegacion - Intentando descargar PDF 9/15...
2026-05-30 19:36:50 [INFO] navegacion - Guardado: titulares_grado_8.pdf
2026-05-30 19:36:51 [INFO] navegacion - Intentando descargar PDF 10/15...
2026-05-30 19:36:51 [INFO] navegacion - Guardado: titulares_grado_9.pdf
2026-05-30 19:36:51 [INFO] navegacion - Intentando descargar PDF 11/15...
2026-05-30 19:36:52 [INFO] navegacion - Guardado: titulares_grado_10.pdf
2026-05-30 19:36:52 [INFO] navegacion - Intentando descargar PDF 12/15...
2026-05-30 19:36:53 [INFO] navegacion - Guardado: titulares_grado_11.pdf
2026-05-30 19:36:53 [INFO] navegacion - Intentando descargar PDF 13/15...
2026-05-30 19:36:54 [INFO] navegacion - Guardado: titulares_grado_12.pdf
2026-05-30 19:36:54 [INFO] navegacion - Intentando descargar PDF 14/15...
2026-05-30 19:36:54 [INFO] navegacion - Guardado: titulares_grado_13.pdf
2026-05-30 19:36:55 [INFO] navegacion - Intentando descargar PDF 15/15...
2026-05-30 19:36:55 [INFO] navegacion - Guardado: titulares_grado_14.pdf
2026-05-30 19:36:56 [INFO] navegacion - Total PDFs descargados: 15
2026-05-30 19:36:56 [INFO] extraccion - ‍ Titular: RODRIGUEZ GALVIZ ANGELA MARIA → Grado: Transición / Curso: A [titulares_grado_0.pdf]
2026-05-30 19:36:56 [INFO] extraccion - ‍ Titular: VARGAS MONCADA ERLY MARIA → Grado: Primero / Curso: A [titulares_grado_1.pdf]
2026-05-30 19:36:56 [INFO] extraccion - ‍ Titular: RANGEL GARCIA JOHANA PATRICIA → Grado: Segundo / Curso: A [titulares_grado_2.pdf]
2026-05-30 19:36:56 [INFO] extraccion - ‍ Titular: SUAREZ ACEVEDO PAOLA ESPERANZA → Grado: Tercero / Curso: A [titulares_grado_3.pdf]
2026-05-30 19:36:56 [INFO] extraccion - ‍ Titular: SANDOVAL COTE ROSAHYRA MILENA → Grado: Cuarto / Curso: A [titulares_grado_4.pdf]
2026-05-30 19:36:56 [INFO] extraccion - ‍ Titular: TARAZONA FERNANDEZ VIANNEY ROCIO → Grado: Quinto / Curso: A [titulares_grado_5.pdf]
2026-05-30 19:36:56 [INFO] extraccion - ‍ Titular: BARBOSA RIOBO NIMSSY MAGDIEL → Grado: Sexto / Curso: A [titulares_grado_6.pdf]
2026-05-30 19:36:57 [INFO] extraccion - ‍ Titular: PAEZ JAUREGUI LEONARDO → Grado: Séptimo / Curso: A [titulares_grado_7.pdf]
2026-05-30 19:36:57 [INFO] extraccion - ‍ Titular: GELVEZ DE MONTAÑEZ MAGALLY MAGALLY → Grado: Octavo / Curso: A [titulares_grado_8.pdf]
2026-05-30 19:36:57 [INFO] extraccion - ‍ Titular: RAMIREZ GARCIA JAMES JOSE → Grado: Noveno / Curso: A [titulares_grado_9.pdf]
2026-05-30 19:36:57 [INFO] extraccion - ‍ Titular: PINILLOS JULIAN DAVID → Grado: Décimo / Curso: A [titulares_grado_10.pdf]
2026-05-30 19:36:57 [INFO] extraccion - ‍ Titular: BUSTOS MELO LEIDY LORENA → Grado: Once / Curso: A [titulares_grado_11.pdf]
2026-05-30 19:36:57 [INFO] extraccion - ‍ Titular: VILLAMIZAR FERNANDEZ MILENA DEL PILAR → Grado: Jardín / Curso: A [titulares_grado_12.pdf]
2026-05-30 19:36:57 [INFO] extraccion - ‍ Titular: MONTAÑEZ CARRILLO GLENDA CARRILLO → Grado: Parvulos / Curso: A [titulares_grado_13.pdf]
2026-05-30 19:36:57 [INFO] extraccion - ‍ Titular: GARCIA MEJIA YULIETH ANDREA → Grado: Prejardín / Curso: A [titulares_grado_14.pdf]
2026-05-30 19:36:57 [INFO] extraccion - Total titulares extraídos: 15
2026-05-30 19:36:57 [INFO] autenticacion - Abriendo: https://www.webcolegios.com/clararincon/
2026-05-30 19:36:59 [DEBUG] autenticacion - Usuario ingresado: 60267973
2026-05-30 19:37:00 [DEBUG] autenticacion - Contraseña ingresada
2026-05-30 19:37:00 [DEBUG] autenticacion - Tipo de usuario seleccionado: Administrativo
2026-05-30 19:37:00 [INFO] autenticacion - Captcha detectado: '9 + 4 ='
2026-05-30 19:37:00 [DEBUG] autenticacion - Captcha resuelto: 9 + 4 = = 13
2026-05-30 19:37:00 [DEBUG] autenticacion - Respuesta captcha ingresada: 13
2026-05-30 19:37:00 [INFO] autenticacion - Botón 'Acceder' presionado
2026-05-30 19:37:00 [INFO] autenticacion - Esperando modal de bienvenida...
2026-05-30 19:37:20 [WARNING] autenticacion - Modal no detectado
2026-05-30 19:37:22 [INFO] autenticacion - Autenticación exitosa — dashboard cargado
2026-05-30 19:37:22 [INFO] navegacion - ==================================================
2026-05-30 19:37:22 [INFO] navegacion - FASE B — Descarga del PDF del listado de docentes
2026-05-30 19:37:22 [INFO] navegacion - ==================================================
2026-05-30 19:37:22 [INFO] navegacion - Navegando a: https://www.webcolegios.com/admin_lista_uso_general.php
2026-05-30 19:37:25 [INFO] navegacion - Seleccionando tomar datos de: 'Docentes'
2026-05-30 19:37:25 [INFO] navegacion - Radio 'Docentes' seleccionado (estrategia label>radio)
2026-05-30 19:37:26 [INFO] navegacion - ▶  Presionando 'Siguiente'
2026-05-30 19:37:29 [INFO] navegacion - Descargando PDF del listado de docentes...
2026-05-30 19:37:29 [INFO] navegacion - PDF de docentes guardado: D:\Cambrigue\NewCambrige-backend\app\modules\importacion\scraper\..\downloads\docentes_listado.pdf
2026-05-30 19:37:29 [INFO] extraccion - PDF 'docentes_listado.pdf' encontrado, extrayendo desde PDF...
2026-05-30 19:37:29 [INFO] extraccion - Leyendo PDF: D:\Cambrigue\NewCambrige-backend\app\modules\importacion\scraper\..\downloads\docentes_listado.pdf
2026-05-30 19:37:29 [INFO] extraccion - 31 registros extraídos del PDF
2026-05-30 22:58:44 [INFO] driver_setup - Configurando Playwright Chromium...
2026-05-30 22:58:45 [INFO] driver_setup - Playwright Chromium iniciado correctamente
2026-05-30 22:58:45 [INFO] autenticacion - Abriendo: https://www.webcolegios.com/clararincon/
2026-05-30 22:58:51 [DEBUG] autenticacion - Usuario ingresado: 60267973
2026-05-30 22:58:51 [DEBUG] autenticacion - Contraseña ingresada
2026-05-30 22:58:51 [DEBUG] autenticacion - Tipo de usuario seleccionado: Administrativo
2026-05-30 22:58:51 [INFO] autenticacion - Captcha detectado: '5 + 5 ='
2026-05-30 22:58:51 [DEBUG] autenticacion - Captcha resuelto: 5 + 5 = = 10
2026-05-30 22:58:51 [DEBUG] autenticacion - Respuesta captcha ingresada: 10
2026-05-30 22:58:52 [INFO] autenticacion - Botón 'Acceder' presionado
2026-05-30 22:58:52 [INFO] autenticacion - Esperando modal de bienvenida...
2026-05-30 22:59:12 [WARNING] autenticacion - Modal no detectado
2026-05-30 22:59:14 [INFO] autenticacion - Autenticación exitosa — dashboard cargado
2026-05-30 22:59:14 [INFO] navegacion - Navegando a: https://www.webcolegios.com/admin_lista_uso_general.php
2026-05-30 22:59:17 [INFO] navegacion - Seleccionando tomar datos de: 'Estudiantes'
2026-05-30 22:59:17 [INFO] navegacion - Radio 'Estudiantes' seleccionado (estrategia label>radio)
2026-05-30 22:59:17 [INFO] navegacion - Marcando 'No incluir retirados ni desertores'
2026-05-30 22:59:17 [INFO] navegacion - 'No incluir retirados ni desertores' marcado
2026-05-30 22:59:17 [INFO] navegacion - ▶  Presionando 'Siguiente'
2026-05-30 22:59:20 [INFO] navegacion - Marcando 'Imprimir todos los alumnos (tipo escuela nueva)'
2026-05-30 22:59:21 [DEBUG] navegacion - Checkbox 'escuela_nueva' marcado
2026-05-30 22:59:21 [INFO] navegacion - Presionando 'Imprimir'
2026-05-30 22:59:22 [INFO] navegacion - PDF interceptado vía route: https://www.webcolegios.com/listas_estudiantes_uso_general4.php
2026-05-30 22:59:29 [INFO] navegacion - PDF guardado exitosamente en D:\Cambrigue\NewCambrige-backend\app\modules\importacion\scraper\..\downloads\impresion.pdf
2026-05-30 22:59:29 [INFO] navegacion - Nueva pestaña: :
2026-05-30 22:59:29 [INFO] extraccion - Extrayendo estudiantes desde HTML...
2026-05-30 22:59:29 [WARNING] extraccion - No se encontraron registros en el HTML
2026-05-30 22:59:29 [INFO] extraccion - Extrayendo estudiantes desde HTML...
2026-05-30 22:59:29 [WARNING] extraccion - No se encontraron registros en el HTML
2026-05-30 22:59:29 [INFO] extraccion - Extrayendo estudiantes desde HTML...
2026-05-30 22:59:29 [WARNING] extraccion - No se encontraron registros en el HTML
2026-05-30 22:59:29 [INFO] extraccion - Esperando PDF en: D:\Cambrigue\NewCambrige-backend\app\modules\importacion\scraper\..\downloads
2026-05-30 22:59:29 [INFO] extraccion - PDF listo: D:\Cambrigue\NewCambrige-backend\app\modules\importacion\scraper\..\downloads\impresion.pdf
2026-05-30 22:59:29 [INFO] extraccion - Leyendo PDF: D:\Cambrigue\NewCambrige-backend\app\modules\importacion\scraper\..\downloads\impresion.pdf
2026-05-30 22:59:30 [INFO] extraccion - 339 registros extraídos del PDF
2026-05-30 23:12:41 [INFO] driver_setup - Configurando Playwright Chromium...
2026-05-30 23:12:41 [INFO] driver_setup - Playwright Chromium iniciado correctamente
2026-05-30 23:12:41 [INFO] autenticacion - Abriendo: https://www.webcolegios.com/clararincon/
2026-05-30 23:12:47 [DEBUG] autenticacion - Usuario ingresado: 60267973
2026-05-30 23:12:47 [DEBUG] autenticacion - Contraseña ingresada
2026-05-30 23:12:47 [DEBUG] autenticacion - Tipo de usuario seleccionado: Administrativo
2026-05-30 23:12:47 [INFO] autenticacion - Captcha detectado: '9 + 3 ='
2026-05-30 23:12:47 [DEBUG] autenticacion - Captcha resuelto: 9 + 3 = = 12
2026-05-30 23:12:47 [DEBUG] autenticacion - Respuesta captcha ingresada: 12
2026-05-30 23:12:48 [INFO] autenticacion - Botón 'Acceder' presionado
2026-05-30 23:12:48 [INFO] autenticacion - Esperando modal de bienvenida...
2026-05-30 23:13:08 [WARNING] autenticacion - Modal no detectado
2026-05-30 23:13:10 [INFO] autenticacion - Autenticación exitosa — dashboard cargado
2026-05-30 23:13:10 [INFO] navegacion - Navegando a: https://www.webcolegios.com/admin_lista_uso_general.php
2026-05-30 23:13:13 [INFO] navegacion - Seleccionando tomar datos de: 'Estudiantes'
2026-05-30 23:13:13 [INFO] navegacion - Radio 'Estudiantes' seleccionado (estrategia label>radio)
2026-05-30 23:13:13 [INFO] navegacion - Marcando 'No incluir retirados ni desertores'
2026-05-30 23:13:13 [INFO] navegacion - 'No incluir retirados ni desertores' marcado
2026-05-30 23:13:13 [INFO] navegacion - ▶  Presionando 'Siguiente'
2026-05-30 23:13:16 [INFO] navegacion - Marcando 'Imprimir todos los alumnos (tipo escuela nueva)'
2026-05-30 23:13:16 [DEBUG] navegacion - Checkbox 'escuela_nueva' marcado
2026-05-30 23:13:16 [INFO] navegacion - Presionando 'Imprimir'
2026-05-30 23:13:17 [INFO] navegacion - PDF interceptado vía route: https://www.webcolegios.com/listas_estudiantes_uso_general4.php
2026-05-30 23:13:24 [INFO] navegacion - PDF guardado exitosamente en d:\Cambrigue\NewCambrige-backend\app\modules\importacion\scraper\..\downloads\impresion.pdf
2026-05-30 23:13:24 [INFO] navegacion - Nueva pestaña: :
2026-05-30 23:13:24 [INFO] extraccion - Extrayendo estudiantes desde HTML...
2026-05-30 23:13:24 [WARNING] extraccion - No se encontraron registros en el HTML
2026-05-30 23:13:24 [INFO] extraccion - Extrayendo estudiantes desde HTML...
2026-05-30 23:13:24 [WARNING] extraccion - No se encontraron registros en el HTML
2026-05-30 23:13:24 [INFO] extraccion - Extrayendo estudiantes desde HTML...
2026-05-30 23:13:24 [WARNING] extraccion - No se encontraron registros en el HTML
2026-05-30 23:13:24 [INFO] extraccion - Esperando PDF en: d:\Cambrigue\NewCambrige-backend\app\modules\importacion\scraper\..\downloads
2026-05-30 23:13:24 [INFO] extraccion - PDF listo: d:\Cambrigue\NewCambrige-backend\app\modules\importacion\scraper\..\downloads\impresion.pdf
2026-05-30 23:13:24 [INFO] extraccion - Leyendo PDF: d:\Cambrigue\NewCambrige-backend\app\modules\importacion\scraper\..\downloads\impresion.pdf
2026-05-30 23:13:25 [INFO] extraccion - 339 registros extraídos del PDF
2026-05-30 23:16:28 [INFO] driver_setup - Configurando Playwright Chromium...
2026-05-30 23:16:28 [INFO] driver_setup - Playwright Chromium iniciado correctamente
2026-05-30 23:16:28 [INFO] autenticacion - Abriendo: https://www.webcolegios.com/clararincon/
2026-05-30 23:16:31 [DEBUG] autenticacion - Usuario ingresado: 60267973
2026-05-30 23:16:31 [DEBUG] autenticacion - Contraseña ingresada
2026-05-30 23:16:31 [DEBUG] autenticacion - Tipo de usuario seleccionado: Administrativo
2026-05-30 23:16:31 [INFO] autenticacion - Captcha detectado: '9 + 6 ='
2026-05-30 23:16:31 [DEBUG] autenticacion - Captcha resuelto: 9 + 6 = = 15
2026-05-30 23:16:32 [DEBUG] autenticacion - Respuesta captcha ingresada: 15
2026-05-30 23:16:32 [INFO] autenticacion - Botón 'Acceder' presionado
2026-05-30 23:16:32 [INFO] autenticacion - Esperando modal de bienvenida...
2026-05-30 23:16:52 [WARNING] autenticacion - Modal no detectado
2026-05-30 23:16:54 [INFO] autenticacion - Autenticación exitosa — dashboard cargado
2026-05-30 23:16:54 [INFO] navegacion - Navegando a: https://www.webcolegios.com/admin_lista_uso_general.php
2026-05-30 23:16:57 [INFO] navegacion - Seleccionando tomar datos de: 'Estudiantes'
2026-05-30 23:16:57 [INFO] navegacion - Radio 'Estudiantes' seleccionado (estrategia label>radio)
2026-05-30 23:16:57 [INFO] navegacion - Marcando 'No incluir retirados ni desertores'
2026-05-30 23:16:57 [INFO] navegacion - 'No incluir retirados ni desertores' marcado
2026-05-30 23:16:57 [INFO] navegacion - ▶  Presionando 'Siguiente'
2026-05-30 23:17:00 [INFO] navegacion - Marcando 'Imprimir todos los alumnos (tipo escuela nueva)'
2026-05-30 23:17:00 [DEBUG] navegacion - Checkbox 'escuela_nueva' marcado
2026-05-30 23:17:00 [INFO] navegacion - Presionando 'Imprimir'
2026-05-30 23:17:01 [INFO] navegacion - PDF interceptado vía route: https://www.webcolegios.com/listas_estudiantes_uso_general4.php
2026-05-30 23:17:08 [INFO] navegacion - PDF guardado exitosamente en D:\Cambrigue\NewCambrige-backend\app\modules\importacion\scraper\..\downloads\impresion.pdf
2026-05-30 23:17:08 [INFO] navegacion - Nueva pestaña: :
2026-05-30 23:17:08 [INFO] extraccion - Extrayendo estudiantes desde HTML...
2026-05-30 23:17:08 [WARNING] extraccion - No se encontraron registros en el HTML
2026-05-30 23:17:08 [INFO] extraccion - Extrayendo estudiantes desde HTML...
2026-05-30 23:17:08 [WARNING] extraccion - No se encontraron registros en el HTML
2026-05-30 23:17:08 [INFO] extraccion - Extrayendo estudiantes desde HTML...
2026-05-30 23:17:08 [WARNING] extraccion - No se encontraron registros en el HTML
2026-05-30 23:17:08 [INFO] extraccion - Esperando PDF en: D:\Cambrigue\NewCambrige-backend\app\modules\importacion\scraper\..\downloads
2026-05-30 23:17:08 [INFO] extraccion - PDF listo: D:\Cambrigue\NewCambrige-backend\app\modules\importacion\scraper\..\downloads\impresion.pdf
2026-05-30 23:17:08 [INFO] extraccion - Leyendo PDF: D:\Cambrigue\NewCambrige-backend\app\modules\importacion\scraper\..\downloads\impresion.pdf
2026-05-30 23:17:09 [INFO] extraccion - 339 registros extraídos del PDF
